<?xml version="1.0" encoding="UTF-8"?>
<metadata xml:lang="es"><Esri><CreaDate>20220510</CreaDate><CreaTime>09432100</CreaTime><ArcGISFormat>1.0</ArcGISFormat><ArcGISstyle>INSPIRE Metadata Directive</ArcGISstyle><SyncOnce>TRUE</SyncOnce><DataProperties><lineage><Process ToolSource="c:\program files (x86)\arcgis\desktop10.5\ArcToolbox\Toolboxes\Data Management Tools.tbx\Copy" Date="20220509" Time="171324">Copy "Database Connections\Pruebas\Pruebas-RecreacionDeporte@Pruebas.sde\RECREACIONDEPORTE.Parques\RECREACIONDEPORTE.Parques" "Database Connections\Local\Local-RecreacionDeporte@MapasPro.sde\RECREACIONDEPORTE.Parque\RECREACIONDEPORTE.Parques" FeatureClass</Process></lineage><itemProps><itemLocation><linkage Sync="TRUE">file://\\SOPACR1DFC9\D$\2022\IPE\IDRD\archivos\shape\parques</linkage><protocol Sync="TRUE">Local Area Network</protocol></itemLocation></itemProps><copyHistory><copy source="D:\2022\IPE\IDRD\archivos\parques" dest="\\SOPACR1DFC9\D$\2022\IPE\IDRD\archivos\shape\parques" date="20220510" time="09433300"></copy></copyHistory></DataProperties></Esri></metadata>
