<metadata xml:lang="es"><Esri><CreaDate>20170421</CreaDate><CreaTime>11072500</CreaTime><ArcGISFormat>1.0</ArcGISFormat><SyncOnce>FALSE</SyncOnce><DataProperties><itemProps><itemName Sync="TRUE">ComandoAtencionInmediata</itemName><imsContentType Sync="TRUE">002</imsContentType><itemLocation><linkage Sync="TRUE">file://\\SRV-03-13-055\Geoprocesos\Queryslayersfiles\EquimientosPrimerSemestre2025\ComandoAtencionInmediata\SHP\ComandoAtencionInmediata.shp</linkage><protocol Sync="TRUE">Local Area Network</protocol></itemLocation><nativeExtBox><westBL Sync="TRUE">-74.206269</westBL><eastBL Sync="TRUE">-74.022571</eastBL><southBL Sync="TRUE">4.470997</southBL><northBL Sync="TRUE">4.819822</northBL><exTypeCode Sync="TRUE">1</exTypeCode></nativeExtBox><itemSize Sync="TRUE">0.000</itemSize></itemProps><coordRef><type Sync="TRUE">Geographic</type><geogcsn Sync="TRUE">GCS_MAGNA</geogcsn><csUnits Sync="TRUE">Angular Unit: Degree (0.017453)</csUnits><peXml Sync="TRUE">&lt;GeographicCoordinateSystem xsi:type='typens:GeographicCoordinateSystem' xmlns:xsi='http://www.w3.org/2001/XMLSchema-instance' xmlns:xs='http://www.w3.org/2001/XMLSchema' xmlns:typens='http://www.esri.com/schemas/ArcGIS/10.8'&gt;&lt;WKT&gt;GEOGCS[&amp;quot;GCS_MAGNA&amp;quot;,DATUM[&amp;quot;D_MAGNA&amp;quot;,SPHEROID[&amp;quot;GRS_1980&amp;quot;,6378137.0,298.257222101]],PRIMEM[&amp;quot;Greenwich&amp;quot;,0.0],UNIT[&amp;quot;Degree&amp;quot;,0.0174532925199433],AUTHORITY[&amp;quot;EPSG&amp;quot;,4686]]&lt;/WKT&gt;&lt;XOrigin&gt;-400&lt;/XOrigin&gt;&lt;YOrigin&gt;-400&lt;/YOrigin&gt;&lt;XYScale&gt;11258999068426.238&lt;/XYScale&gt;&lt;ZOrigin&gt;-100000&lt;/ZOrigin&gt;&lt;ZScale&gt;10000&lt;/ZScale&gt;&lt;MOrigin&gt;-100000&lt;/MOrigin&gt;&lt;MScale&gt;10000&lt;/MScale&gt;&lt;XYTolerance&gt;8.983152841195215e-09&lt;/XYTolerance&gt;&lt;ZTolerance&gt;0.001&lt;/ZTolerance&gt;&lt;MTolerance&gt;0.001&lt;/MTolerance&gt;&lt;HighPrecision&gt;true&lt;/HighPrecision&gt;&lt;LeftLongitude&gt;-180&lt;/LeftLongitude&gt;&lt;WKID&gt;4686&lt;/WKID&gt;&lt;LatestWKID&gt;4686&lt;/LatestWKID&gt;&lt;/GeographicCoordinateSystem&gt;</peXml></coordRef><lineage><Process ToolSource="c:\program files (x86)\arcgis\desktop10.4\ArcToolbox\Toolboxes\Data Management Tools.tbx\CalculateField" Date="20170120" Time="120713">CalculateField Capas_Base\CAI CAINLocali "Santafé" VB #</Process><Process ToolSource="c:\program files (x86)\arcgis\desktop10.4\ArcToolbox\Toolboxes\Data Management Tools.tbx\CalculateField" Date="20170120" Time="120752">CalculateField Capas_Base\CAI CAINLocali "Candelaria" VB #</Process><Process ToolSource="c:\program files (x86)\arcgis\desktop10.4\ArcToolbox\Toolboxes\Data Management Tools.tbx\CalculateField" Date="20170120" Time="120928">CalculateField Capas_Base\CAI CAINLocali "Martires" VB #</Process><Process ToolSource="c:\arcgis\desktop10.4\ArcToolbox\Toolboxes\Data Management Tools.tbx\CalculateField" Date="20170427" Time="123609">CalculateField "Coerción\Centro de Atención Inmediata" CAIIEPOLIC !DESCRIP! PYTHON_9.3 #</Process><Process Name="Alter Field" ToolSource="c:\program files (x86)\arcgis\desktop10.4\ArcToolbox\Toolboxes\Data Management Tools.tbx\AlterField" Date="20171116" Time="173433">AlterField D:\Fabian\AGS_Server_SCJ\Conexiones_SDE\Produccion\oaiee@pdbarcgi.sde\OAIEE.Coercion\OAIEE.CAIn DIR_SITIO CAIDIR_SITIO # TEXT 100 NULLABLE false</Process><Process Name="Alter Field (2)" ToolSource="c:\program files (x86)\arcgis\desktop10.4\ArcToolbox\Toolboxes\Data Management Tools.tbx\AlterField" Date="20171116" Time="173442">AlterField D:\Fabian\AGS_Server_SCJ\Conexiones_SDE\Produccion\oaiee@pdbarcgi.sde\OAIEE.Coercion\OAIEE.CAIn INTERV_ESP CAIINTERV_ESP # TEXT 10 NULLABLE false</Process><Process Name="Alter Field (3)" ToolSource="c:\program files (x86)\arcgis\desktop10.4\ArcToolbox\Toolboxes\Data Management Tools.tbx\AlterField" Date="20171116" Time="173452">AlterField D:\Fabian\AGS_Server_SCJ\Conexiones_SDE\Produccion\oaiee@pdbarcgi.sde\OAIEE.Coercion\OAIEE.CAIn EST_PROY CAIEST_PROY # TEXT 10 NULLABLE false</Process><Process Name="Alter Field (4)" ToolSource="c:\program files (x86)\arcgis\desktop10.4\ArcToolbox\Toolboxes\Data Management Tools.tbx\AlterField" Date="20171116" Time="173500">AlterField D:\Fabian\AGS_Server_SCJ\Conexiones_SDE\Produccion\oaiee@pdbarcgi.sde\OAIEE.Coercion\OAIEE.CAIn DESCRIP CAIDESCRIP # TEXT 100 NULLABLE false</Process><Process Name="Alter Field (5)" ToolSource="c:\program files (x86)\arcgis\desktop10.4\ArcToolbox\Toolboxes\Data Management Tools.tbx\AlterField" Date="20171116" Time="173510">AlterField D:\Fabian\AGS_Server_SCJ\Conexiones_SDE\Produccion\oaiee@pdbarcgi.sde\OAIEE.Coercion\OAIEE.CAIn FECHA_FIN CAIFECHA_FIN # DATE 8 NULLABLE false</Process><Process Name="Alter Field (6)" ToolSource="c:\program files (x86)\arcgis\desktop10.4\ArcToolbox\Toolboxes\Data Management Tools.tbx\AlterField" Date="20171116" Time="173518">AlterField D:\Fabian\AGS_Server_SCJ\Conexiones_SDE\Produccion\oaiee@pdbarcgi.sde\OAIEE.Coercion\OAIEE.CAIn FECHA_INI CAIFECHA_INI # DATE 8 NULLABLE false</Process><Process Name="Alter Field (7)" ToolSource="c:\program files (x86)\arcgis\desktop10.4\ArcToolbox\Toolboxes\Data Management Tools.tbx\AlterField" Date="20171116" Time="173527">AlterField D:\Fabian\AGS_Server_SCJ\Conexiones_SDE\Produccion\oaiee@pdbarcgi.sde\OAIEE.Coercion\OAIEE.CAIn ANIO_GEO CAIANIO_GEO # LONG 4 NULLABLE false</Process><Process Name="Alter Field (8)" ToolSource="c:\program files (x86)\arcgis\desktop10.4\ArcToolbox\Toolboxes\Data Management Tools.tbx\AlterField" Date="20171116" Time="173535">AlterField D:\Fabian\AGS_Server_SCJ\Conexiones_SDE\Produccion\oaiee@pdbarcgi.sde\OAIEE.Coercion\OAIEE.CAIn COD_PROY CAICOD_PROY # TEXT 10 NULLABLE false</Process><Process Name="Alter Field (9)" ToolSource="c:\program files (x86)\arcgis\desktop10.4\ArcToolbox\Toolboxes\Data Management Tools.tbx\AlterField" Date="20171116" Time="173545">AlterField D:\Fabian\AGS_Server_SCJ\Conexiones_SDE\Produccion\oaiee@pdbarcgi.sde\OAIEE.Coercion\OAIEE.CAIn COD_ENT CAICOD_ENT # TEXT 10 NULLABLE false</Process><Process Name="Alter Field (10)" ToolSource="c:\program files (x86)\arcgis\desktop10.4\ArcToolbox\Toolboxes\Data Management Tools.tbx\AlterField" Date="20171116" Time="173554">AlterField D:\Fabian\AGS_Server_SCJ\Conexiones_SDE\Produccion\oaiee@pdbarcgi.sde\OAIEE.Coercion\OAIEE.CAIn COD_PLAN CAICOD_PLAN # LONG 4 NULLABLE false</Process><Process Name="Delete Field (2)" ToolSource="c:\program files (x86)\arcgis\desktop10.5\ArcToolbox\Toolboxes\Data Management Tools.tbx\DeleteField" Date="20180503" Time="120649">DeleteField D:\Fabian\AGS_Server_SCJ\Conexiones_SDE\Produccion\oaiee@pdbarcgi.sde\OAIEE.Coercion\OAIEE.CAIn DIRECCION;DIRTRAD;BARRIO;LOCALIDAD;CX;CY;ESTADO;I_LOCALIDA;TIPOLOGIA;CFACESTE;CFACNORTE</Process><Process ToolSource="c:\program files (x86)\arcgis\desktop10.5\ArcToolbox\Toolboxes\Data Management Tools.tbx\CalculateField" Date="20180705" Time="115337">CalculateField "Centro de Atención Inmediata" CAICONTACT "Policía Nacional" VB #</Process><Process ToolSource="c:\program files (x86)\arcgis\desktop10.5\ArcToolbox\Toolboxes\Data Management Tools.tbx\CalculateField" Date="20181026" Time="160112">CalculateField "Centro de Atención Inmediata" CAIFECHA_C "26/10/2018" VB #</Process><Process ToolSource="c:\program files (x86)\arcgis\desktop10.5\ArcToolbox\Toolboxes\Data Management Tools.tbx\CalculateField" Date="20181204" Time="155417">CalculateField "Centro de Atención Inmediata" CAIFECHA_C "03/12/2018" VB #</Process><Process ToolSource="c:\program files (x86)\arcgis\desktop10.7\ArcToolbox\Toolboxes\Data Management Tools.tbx\CalculateField" Date="20190816" Time="075438">CalculateField "Centro de Atención Inmediata" CAIDESCRIP "Sin estructura orgánica" VB #</Process><Process ToolSource="c:\program files (x86)\arcgis\desktop10.6\ArcToolbox\Toolboxes\Data Management Tools.tbx\CalculateField" Date="20190826" Time="104618">CalculateField "Centro de Atención Inmediata" CAIIDENTIF "CAI165" VB #</Process><Process ToolSource="c:\program files\arcgis\pro\Resources\ArcToolbox\toolboxes\Data Management Tools.tbx\CalculateField" Date="20201106" Time="102634">CalculateField "Comando de Atención Inmediata" CAIDIR_SITIO "PARQUE 10 URBANIZACIÓN TORREMOLINOS" "Python 3" # Text</Process><Process ToolSource="c:\program files\arcgis\pro\Resources\ArcToolbox\toolboxes\Data Management Tools.tbx\CalculateField" Date="20201106" Time="103014">CalculateField "Comando de Atención Inmediata" CAIIUUPLAN "SIN UPZ" "Python 3" # Text</Process><Process ToolSource="c:\program files\arcgis\pro\Resources\ArcToolbox\toolboxes\Data Management Tools.tbx\CalculateField" Date="20201106" Time="103119">CalculateField "Comando de Atención Inmediata" CAIIUSCATA "107102" "Python 3" # Text</Process><Process ToolSource="c:\program files\arcgis\pro\Resources\ArcToolbox\toolboxes\Data Management Tools.tbx\CalculateGeometryAttributes" Date="20201106" Time="103224">CalculateGeometryAttributes "Comando de Atención Inmediata" "CAILONGITU POINT_X;CAILATITUD POINT_Y" # # GEOGCS['GCS_MAGNA',DATUM['D_MAGNA',SPHEROID['GRS_1980',6378137.0,298.257222101]],PRIMEM['Greenwich',0.0],UNIT['Degree',0.0174532925199433]] "Same as input"</Process><Process ToolSource="c:\program files\arcgis\pro\Resources\ArcToolbox\toolboxes\Data Management Tools.tbx\CalculateField" Date="20201106" Time="110040">CalculateField "Comando de Atención Inmediata" CAIDIR_SITIO "CL 32 KR 13 41" "Python 3" # Text</Process><Process ToolSource="c:\program files\arcgis\pro\Resources\ArcToolbox\toolboxes\Data Management Tools.tbx\CalculateField" Date="20201106" Time="110904">CalculateField "Comando de Atención Inmediata" CAIIUSCATA "008107" "Python 3" # Text</Process><Process ToolSource="c:\program files\arcgis\pro\Resources\ArcToolbox\toolboxes\Data Management Tools.tbx\CalculateField" Date="20201106" Time="112151">CalculateField "Comando de Atención Inmediata" CAIIUUPLAN "UPZ91" "Python 3" # Text</Process><Process ToolSource="c:\program files\arcgis\pro\Resources\ArcToolbox\toolboxes\Data Management Tools.tbx\CalculateGeometryAttributes" Date="20201106" Time="114119">CalculateGeometryAttributes "Comando de Atención Inmediata" "CAILONGITU POINT_X;CAILATITUD POINT_Y" # # GEOGCS['GCS_MAGNA',DATUM['D_MAGNA',SPHEROID['GRS_1980',6378137.0,298.257222101]],PRIMEM['Greenwich',0.0],UNIT['Degree',0.0174532925199433]] "Same as input"</Process><Process ToolSource="c:\program files\arcgis\pro\Resources\ArcToolbox\toolboxes\Data Management Tools.tbx\CalculateField" Date="20201106" Time="114824">CalculateField "Comando de Atención Inmediata" CAIDIR_SITIO "KR 8 80 10 SUR" "Python 3" # Text</Process><Process ToolSource="c:\program files\arcgis\pro\Resources\ArcToolbox\toolboxes\Data Management Tools.tbx\CalculateField" Date="20201106" Time="114947">CalculateField "Comando de Atención Inmediata" CAIIUSCATA "002506" "Python 3" # Text</Process><Process ToolSource="c:\program files\arcgis\pro\Resources\ArcToolbox\toolboxes\Data Management Tools.tbx\CalculateGeometryAttributes" Date="20201106" Time="115212">CalculateGeometryAttributes "Comando de Atención Inmediata" "CAILONGITU POINT_X;CAILATITUD POINT_Y" # # GEOGCS['GCS_MAGNA',DATUM['D_MAGNA',SPHEROID['GRS_1980',6378137.0,298.257222101]],PRIMEM['Greenwich',0.0],UNIT['Degree',0.0174532925199433]] "Same as input"</Process><Process ToolSource="c:\program files (x86)\arcgis\desktop10.8\ArcToolbox\Toolboxes\Data Management Tools.tbx\CalculateField" Date="20211001" Time="120559">CalculateField "Comando de Atención Inmediata" CAITELEFON "Linea 123" VB #</Process><Process ToolSource="c:\program files\arcgis\pro\Resources\ArcToolbox\toolboxes\Data Management Tools.tbx\CalculateField" Date="20220503" Time="162114">CalculateField C:\Users\oscar.aguirre\Documents\ArcGIS\Projects\MyProject\oaiee.sde\OAIEE.Coercion\OAIEE.CAIn CAIIDENTIF "!CAIIDENTIF! + !CAICPOLICI![4:]" "Python 3" # Text NO_ENFORCE_DOMAINS</Process><Process ToolSource="c:\program files\arcgis\pro\Resources\ArcToolbox\toolboxes\Data Management Tools.tbx\CalculateField" Date="20220503" Time="180758">CalculateField "Comando de Atención Inmediata" CAIIDENTIF "!CAIIDENTIF! + "1"" "Python 3" # Text NO_ENFORCE_DOMAINS</Process><Process ToolSource="c:\program files\arcgis\pro\Resources\ArcToolbox\toolboxes\Data Management Tools.tbx\CalculateField" Date="20220503" Time="183222">CalculateField "Comando de Atención Inmediata" CAIIEPOLIC "CAI Nuevo Telecom" "Python 3" # Text NO_ENFORCE_DOMAINS</Process><Process ToolSource="c:\program files\arcgis\pro\Resources\ArcToolbox\toolboxes\Data Management Tools.tbx\CalculateField" Date="20220503" Time="183248">CalculateField "Comando de Atención Inmediata" CAIDESCRIP "CAI Nuevo Telecom" "Python 3" # Text NO_ENFORCE_DOMAINS</Process><Process ToolSource="c:\program files\arcgis\pro\Resources\ArcToolbox\toolboxes\Data Management Tools.tbx\CalculateField" Date="20220503" Time="192429">CalculateField "Comando de Atención Inmediata" CAIDESCRIP "CAI Tintal" "Python 3" # Text NO_ENFORCE_DOMAINS</Process><Process ToolSource="c:\program files\arcgis\pro\Resources\ArcToolbox\toolboxes\Data Management Tools.tbx\CalculateField" Date="20220503" Time="192454">CalculateField "Comando de Atención Inmediata" CAIIEPOLIC "CAI Tintal" "Python 3" # Text NO_ENFORCE_DOMAINS</Process><Process ToolSource="c:\program files\arcgis\pro\Resources\ArcToolbox\toolboxes\Data Management Tools.tbx\Append" Date="20220512" Time="130320">Append CAIn_viejos C:\Users\oscar.aguirre\Documents\ArcGIS\Projects\MyProject\oaiee.sde\OAIEE.Coercion\OAIEE.CAIn "Input fields must match target fields" # # #</Process><Process ToolSource="c:\program files\arcgis\pro\Resources\ArcToolbox\toolboxes\Data Management Tools.tbx\UpdateSchema" Date="20220513" Time="130115">UpdateSchema "CIMDATA=&lt;CIMFeatureDatasetDataConnection xsi:type='typens:CIMFeatureDatasetDataConnection' xmlns:xsi='http://www.w3.org/2001/XMLSchema-instance' xmlns:xs='http://www.w3.org/2001/XMLSchema' xmlns:typens='http://www.esri.com/schemas/ArcGIS/2.9.0'&gt;&lt;FeatureDataset&gt;OAIEE.Coercion&lt;/FeatureDataset&gt;&lt;WorkspaceConnectionString&gt;ENCRYPTED_PASSWORD=00022e684e786e754a35704668446347522b544e33574a4c5531456b447176646336614d76744a747a4830473272413d2a00;SERVER=sde;INSTANCE=sde:oracle$sde:oracle11g:ARGIS_PROD;DBCLIENT=oracle;DB_CONNECTION_PROPERTIES=ARGIS_PROD;PROJECT_INSTANCE=sde;USER=oaiee;VERSION=SDE.DEFAULT;AUTHENTICATION_MODE=DBMS&lt;/WorkspaceConnectionString&gt;&lt;WorkspaceFactory&gt;SDE&lt;/WorkspaceFactory&gt;&lt;Dataset&gt;OAIEE.CAIn&lt;/Dataset&gt;&lt;DatasetType&gt;esriDTFeatureClass&lt;/DatasetType&gt;&lt;/CIMFeatureDatasetDataConnection&gt;" &lt;operationSequence&gt;&lt;workflow&gt;&lt;AlterField&gt;&lt;field_name&gt;CAIIEPOLIC&lt;/field_name&gt;&lt;new_field_name&gt;CAINOMBRE&lt;/new_field_name&gt;&lt;field_type&gt;TEXT&lt;/field_type&gt;&lt;field_is_nullable&gt;True&lt;/field_is_nullable&gt;&lt;clear_field_alias&gt;False&lt;/clear_field_alias&gt;&lt;/AlterField&gt;&lt;/workflow&gt;&lt;/operationSequence&gt;</Process><Process ToolSource="c:\program files\arcgis\pro\Resources\ArcToolbox\toolboxes\Data Management Tools.tbx\UpdateSchema" Date="20220513" Time="130206">UpdateSchema "CIMDATA=&lt;CIMFeatureDatasetDataConnection xsi:type='typens:CIMFeatureDatasetDataConnection' xmlns:xsi='http://www.w3.org/2001/XMLSchema-instance' xmlns:xs='http://www.w3.org/2001/XMLSchema' xmlns:typens='http://www.esri.com/schemas/ArcGIS/2.9.0'&gt;&lt;FeatureDataset&gt;OAIEE.Coercion&lt;/FeatureDataset&gt;&lt;WorkspaceConnectionString&gt;ENCRYPTED_PASSWORD=00022e684e786e754a35704668446347522b544e33574a4c5531456b447176646336614d76744a747a4830473272413d2a00;SERVER=sde;INSTANCE=sde:oracle$sde:oracle11g:ARGIS_PROD;DBCLIENT=oracle;DB_CONNECTION_PROPERTIES=ARGIS_PROD;PROJECT_INSTANCE=sde;USER=oaiee;VERSION=SDE.DEFAULT;AUTHENTICATION_MODE=DBMS&lt;/WorkspaceConnectionString&gt;&lt;WorkspaceFactory&gt;SDE&lt;/WorkspaceFactory&gt;&lt;Dataset&gt;OAIEE.CAIn&lt;/Dataset&gt;&lt;DatasetType&gt;esriDTFeatureClass&lt;/DatasetType&gt;&lt;/CIMFeatureDatasetDataConnection&gt;" &lt;operationSequence&gt;&lt;workflow&gt;&lt;AlterField&gt;&lt;field_name&gt;CAIIEPOLIC&lt;/field_name&gt;&lt;new_field_name&gt;CAINOMBRE&lt;/new_field_name&gt;&lt;field_type&gt;TEXT&lt;/field_type&gt;&lt;field_is_nullable&gt;True&lt;/field_is_nullable&gt;&lt;clear_field_alias&gt;False&lt;/clear_field_alias&gt;&lt;/AlterField&gt;&lt;/workflow&gt;&lt;/operationSequence&gt;</Process><Process ToolSource="c:\program files\arcgis\pro\Resources\ArcToolbox\Toolboxes\Data Management Tools.tbx\UpdateSchema" Date="20220513" Time="130934">UpdateSchema "CIMDATA=&lt;CIMFeatureDatasetDataConnection xsi:type='typens:CIMFeatureDatasetDataConnection' xmlns:xsi='http://www.w3.org/2001/XMLSchema-instance' xmlns:xs='http://www.w3.org/2001/XMLSchema' xmlns:typens='http://www.esri.com/schemas/ArcGIS/2.9.0'&gt;&lt;FeatureDataset&gt;OAIEE.Coercion&lt;/FeatureDataset&gt;&lt;WorkspaceConnectionString&gt;ENCRYPTED_PASSWORD=00022e684658696a3551676133447971456756562b787775546937723344776c757852492b626c715a485866496f4d3d2a00;SERVER=sde;INSTANCE=sde:oracle$sde:oracle11g:ARGIS_PROD;USER=oaiee;VERSION=SDE.DEFAULT;AUTHENTICATION_MODE=DBMS&lt;/WorkspaceConnectionString&gt;&lt;WorkspaceFactory&gt;SDE&lt;/WorkspaceFactory&gt;&lt;Dataset&gt;OAIEE.CAIn&lt;/Dataset&gt;&lt;DatasetType&gt;esriDTFeatureClass&lt;/DatasetType&gt;&lt;/CIMFeatureDatasetDataConnection&gt;" &lt;operationSequence&gt;&lt;workflow&gt;&lt;AlterField&gt;&lt;field_name&gt;CAIIEPOLIC&lt;/field_name&gt;&lt;new_field_name&gt;CAINOMBRE&lt;/new_field_name&gt;&lt;field_type&gt;TEXT&lt;/field_type&gt;&lt;field_is_nullable&gt;True&lt;/field_is_nullable&gt;&lt;clear_field_alias&gt;False&lt;/clear_field_alias&gt;&lt;/AlterField&gt;&lt;/workflow&gt;&lt;/operationSequence&gt;</Process><Process ToolSource="c:\program files\arcgis\pro\Resources\ArcToolbox\toolboxes\Data Management Tools.tbx\Append" Date="20230201" Time="095703">Append Equipamientos_DA_Actualizacion\CAIn C:\Users\oscar.aguirre\Documents\ArcGIS\Projects\MyProject\oaiee.sde\OAIEE.Coercion\OAIEE.CAIn "Use the field map to reconcile field differences" "CAICOD_PLAN "Código del plan" true true false 4 Long 0 10,First,#,D:\scj\GDB\Equipamientos_DA_Actualizacion.gdb\CAIn,CAICOD_PLAN,-1,-1;CAICOD_ENT "Entidad" true true false 10 Text 0 0,First,#,D:\scj\GDB\Equipamientos_DA_Actualizacion.gdb\CAIn,CAICOD_ENT,0,10;CAICOD_PROY "Código Proyecto" true true false 10 Text 0 0,First,#,D:\scj\GDB\Equipamientos_DA_Actualizacion.gdb\CAIn,CAICOD_PROY,0,10;CAIANIO_GEO "Año" true true false 4 Long 0 10,First,#,D:\scj\GDB\Equipamientos_DA_Actualizacion.gdb\CAIn,CAIANIO_GEO,-1,-1;CAIFECHA_INI "Fecha Inicial" true true false 8 Date 0 0,First,#,D:\scj\GDB\Equipamientos_DA_Actualizacion.gdb\CAIn,CAIFECHA_INI,-1,-1;CAIFECHA_FIN "Fecha Final" true true false 8 Date 0 0,First,#,D:\scj\GDB\Equipamientos_DA_Actualizacion.gdb\CAIn,CAIFECHA_FIN,-1,-1;CAIDESCRIP "Descripción" true true false 100 Text 0 0,First,#,D:\scj\GDB\Equipamientos_DA_Actualizacion.gdb\CAIn,CAIDESCRIP,0,100;CAIEST_PROY "Estado Proyecto" true true false 10 Text 0 0,First,#,D:\scj\GDB\Equipamientos_DA_Actualizacion.gdb\CAIn,CAIEST_PROY,0,10;CAIINTERV_ESP "Intervención Espacio Público" true true false 10 Text 0 0,First,#,D:\scj\GDB\Equipamientos_DA_Actualizacion.gdb\CAIn,CAIINTERV_ESP,0,10;CAIDIR_SITIO "Direccion Sitio" true true false 100 Text 0 0,First,#,D:\scj\GDB\Equipamientos_DA_Actualizacion.gdb\CAIn,CAIDIR_SITIO,0,100;CAICOD_SITIO "Identificador Segplan" true true false 4 Long 0 10,First,#,D:\scj\GDB\Equipamientos_DA_Actualizacion.gdb\CAIn,CAICOD_SITIO,-1,-1;CAIHORARIO "Horario" true true false 50 Text 0 0,First,#,D:\scj\GDB\Equipamientos_DA_Actualizacion.gdb\CAIn,CAIHORARIO,0,50;CAITELEFON "Telefono" true true false 50 Text 0 0,First,#,D:\scj\GDB\Equipamientos_DA_Actualizacion.gdb\CAIn,CAITELEFON,0,50;CAIIUUPLAN "Identificador Unico de la Unidad de Planeamiento" true true false 50 Text 0 0,First,#,D:\scj\GDB\Equipamientos_DA_Actualizacion.gdb\CAIn,CAIIUUPLAN,0,50;CAIIUSCATA "Identificador Unico del Sector Catastral" true true false 50 Text 0 0,First,#,D:\scj\GDB\Equipamientos_DA_Actualizacion.gdb\CAIn,CAIIUSCATA,0,50;CAIIULOCAL "Identificador Unico de la Localidad" true true false 50 Text 0 0,First,#,D:\scj\GDB\Equipamientos_DA_Actualizacion.gdb\CAIn,CAIIULOCAL,0,50;CAILONGITU "Longitud" true true false 8 Double 8 38,First,#,D:\scj\GDB\Equipamientos_DA_Actualizacion.gdb\CAIn,CAILONGITU,-1,-1;CAILATITUD "Latitud" true true false 8 Double 8 38,First,#,D:\scj\GDB\Equipamientos_DA_Actualizacion.gdb\CAIn,CAILATITUD,-1,-1;CAITURNO "Turno" true true false 50 Text 0 0,First,#,D:\scj\GDB\Equipamientos_DA_Actualizacion.gdb\CAIn,CAITURNO,0,50;CAICELECTR "Correo Electronico" true true false 50 Text 0 0,First,#,D:\scj\GDB\Equipamientos_DA_Actualizacion.gdb\CAIn,CAICELECTR,0,50;CAICONTACT "Contacto" true true false 50 Text 0 0,First,#,D:\scj\GDB\Equipamientos_DA_Actualizacion.gdb\CAIn,CAICONTACT,0,50;CAIPWEB "Pagina Web" true true false 50 Text 0 0,First,#,D:\scj\GDB\Equipamientos_DA_Actualizacion.gdb\CAIn,CAIPWEB,0,50;CAICPOLICI "Cuadrante de Policia" true true false 50 Text 0 0,First,#,D:\scj\GDB\Equipamientos_DA_Actualizacion.gdb\CAIn,CAICPOLICI,0,50;CAIIDENTIF "Identificador" true true false 50 Text 0 0,First,#,D:\scj\GDB\Equipamientos_DA_Actualizacion.gdb\CAIn,CAIIDENTIF,0,50;CAINOMBRE "Nombre" true true false 50 Text 0 0,First,#,D:\scj\GDB\Equipamientos_DA_Actualizacion.gdb\CAIn,CAINOMBRE,0,50;CAIFECHA_C "Fecha corte" true true false 8 Date 0 0,First,#,D:\scj\GDB\Equipamientos_DA_Actualizacion.gdb\CAIn,CAIFECHA_C,-1,-1" # #</Process><Process ToolSource="c:\program files (x86)\arcgis\desktop10.8\ArcToolbox\Toolboxes\Data Management Tools.tbx\AddField" Date="20230216" Time="085525">AddField D:\Fabian\AGS_Server_SCJ\Conexiones_SDE\Produccion_pdb00002\oaiee@pdbarcgi.sde\OAIEE.Coercion\OAIEE.CAIn CAIEASOCIA TEXT # # 200 "Equipamiento Asociado" NULLABLE NON_REQUIRED #</Process><Process ToolSource="c:\program files (x86)\arcgis\desktop10.8\ArcToolbox\Toolboxes\Data Management Tools.tbx\AddField" Date="20230216" Time="090216">AddField D:\Fabian\AGS_Server_SCJ\Conexiones_SDE\Produccion_pdb00002\oaiee@pdbarcgi.sde\OAIEE.Coercion\OAIEE.CAIn CAIFUNCION TEXT # # 100 Funcionalidad NULLABLE NON_REQUIRED #</Process><Process ToolSource="c:\program files (x86)\arcgis\desktop10.8\ArcToolbox\Toolboxes\Data Management Tools.tbx\AddField" Date="20230216" Time="090717">AddField D:\Fabian\AGS_Server_SCJ\Conexiones_SDE\Produccion_pdb00002\oaiee@pdbarcgi.sde\OAIEE.Coercion\OAIEE.CAIn CAIFUNCION TEXT # # 100 Funcionalidad NULLABLE NON_REQUIRED #</Process><Process ToolSource="c:\program files (x86)\arcgis\desktop10.8\ArcToolbox\Toolboxes\Data Management Tools.tbx\AddField" Date="20230216" Time="091426">AddField D:\Fabian\AGS_Server_SCJ\Conexiones_SDE\Produccion_pdb00002\oaiee@pdbarcgi.sde\OAIEE.Coercion\OAIEE.CAIn CAISERVICIO TEXT # # 500 Servicio NULLABLE NON_REQUIRED #</Process><Process ToolSource="c:\program files\arcgis\pro\Resources\ArcToolbox\toolboxes\Data Management Tools.tbx\Append" Date="20230216" Time="094544">Append CAIn C:\Users\oscar.aguirre\Documents\ArcGIS\Projects\MyProject\oaiee.sde\OAIEE.Coercion\OAIEE.CAIn "Use the field map to reconcile field differences" "CAICOD_PLAN "Código del plan" true true false 4 Long 0 10,First,#,D:\scj\GDB\Equipamientos_DA_Actualizacion.gdb\CAIn,CAICOD_PLAN,-1,-1;CAICOD_ENT "Entidad" true true false 10 Text 0 0,First,#,D:\scj\GDB\Equipamientos_DA_Actualizacion.gdb\CAIn,CAICOD_ENT,0,10;CAICOD_PROY "Código Proyecto" true true false 10 Text 0 0,First,#,D:\scj\GDB\Equipamientos_DA_Actualizacion.gdb\CAIn,CAICOD_PROY,0,10;CAIANIO_GEO "Año" true true false 4 Long 0 10,First,#,D:\scj\GDB\Equipamientos_DA_Actualizacion.gdb\CAIn,CAIANIO_GEO,-1,-1;CAIFECHA_INI "Fecha Inicial" true true false 8 Date 0 0,First,#,D:\scj\GDB\Equipamientos_DA_Actualizacion.gdb\CAIn,CAIFECHA_INI,-1,-1;CAIFECHA_FIN "Fecha Final" true true false 8 Date 0 0,First,#,D:\scj\GDB\Equipamientos_DA_Actualizacion.gdb\CAIn,CAIFECHA_FIN,-1,-1;CAIDESCRIP "Descripción" true true false 100 Text 0 0,First,#,D:\scj\GDB\Equipamientos_DA_Actualizacion.gdb\CAIn,CAIDESCRIP,0,100;CAIEST_PROY "Estado Proyecto" true true false 10 Text 0 0,First,#,D:\scj\GDB\Equipamientos_DA_Actualizacion.gdb\CAIn,CAIEST_PROY,0,10;CAIINTERV_ESP "Intervención Espacio Público" true true false 10 Text 0 0,First,#,D:\scj\GDB\Equipamientos_DA_Actualizacion.gdb\CAIn,CAIINTERV_ESP,0,10;CAIDIR_SITIO "Direccion Sitio" true true false 100 Text 0 0,First,#,D:\scj\GDB\Equipamientos_DA_Actualizacion.gdb\CAIn,CAIDIR_SITIO,0,100;CAICOD_SITIO "Identificador Segplan" true true false 4 Long 0 10,First,#,D:\scj\GDB\Equipamientos_DA_Actualizacion.gdb\CAIn,CAICOD_SITIO,-1,-1;CAIHORARIO "Horario" true true false 50 Text 0 0,First,#,D:\scj\GDB\Equipamientos_DA_Actualizacion.gdb\CAIn,CAIHORARIO,0,50;CAITELEFON "Telefono" true true false 50 Text 0 0,First,#,D:\scj\GDB\Equipamientos_DA_Actualizacion.gdb\CAIn,CAITELEFON,0,50;CAIIUUPLAN "Identificador Unico de la Unidad de Planeamiento" true true false 50 Text 0 0,First,#,D:\scj\GDB\Equipamientos_DA_Actualizacion.gdb\CAIn,CAIIUUPLAN,0,50;CAIIUSCATA "Identificador Unico del Sector Catastral" true true false 50 Text 0 0,First,#,D:\scj\GDB\Equipamientos_DA_Actualizacion.gdb\CAIn,CAIIUSCATA,0,50;CAIIULOCAL "Identificador Unico de la Localidad" true true false 50 Text 0 0,First,#,D:\scj\GDB\Equipamientos_DA_Actualizacion.gdb\CAIn,CAIIULOCAL,0,50;CAILONGITU "Longitud" true true false 8 Double 8 38,First,#,D:\scj\GDB\Equipamientos_DA_Actualizacion.gdb\CAIn,CAILONGITU,-1,-1;CAILATITUD "Latitud" true true false 8 Double 8 38,First,#,D:\scj\GDB\Equipamientos_DA_Actualizacion.gdb\CAIn,CAILATITUD,-1,-1;CAITURNO "Turno" true true false 50 Text 0 0,First,#;CAICELECTR "Correo Electronico" true true false 50 Text 0 0,First,#,D:\scj\GDB\Equipamientos_DA_Actualizacion.gdb\CAIn,CAICELECTR,0,50;CAICONTACT "Contacto" true true false 50 Text 0 0,First,#,D:\scj\GDB\Equipamientos_DA_Actualizacion.gdb\CAIn,CAICONTACT,0,50;CAIPWEB "Pagina Web" true true false 50 Text 0 0,First,#,D:\scj\GDB\Equipamientos_DA_Actualizacion.gdb\CAIn,CAIPWEB,0,50;CAIIDENTIF "Identificador" true true false 50 Text 0 0,First,#,D:\scj\GDB\Equipamientos_DA_Actualizacion.gdb\CAIn,CAIIDENTIF,0,50;CAINOMBRE "Nombre" true true false 50 Text 0 0,First,#,D:\scj\GDB\Equipamientos_DA_Actualizacion.gdb\CAIn,CAINOMBRE,0,50;CAIFECHA_C "Fecha corte" true true false 8 Date 0 0,First,#,D:\scj\GDB\Equipamientos_DA_Actualizacion.gdb\CAIn,CAIFECHA_C,-1,-1;CAIEASOCIA "Equipamiento Asociado" true true false 200 Text 0 0,First,#,D:\scj\GDB\Equipamientos_DA_Actualizacion.gdb\CAIn,CAIEASOCIA,0,200;CAIFUNCION "Funcionalidad" true true false 100 Text 0 0,First,#,D:\scj\GDB\Equipamientos_DA_Actualizacion.gdb\CAIn,CAIFUNCION,0,100;CAISERVICIO "Servicio" true true false 500 Text 0 0,First,#,D:\scj\GDB\Equipamientos_DA_Actualizacion.gdb\CAIn,CAISERVICIO,0,500" # #</Process><Process ToolSource="c:\program files\arcgis\pro\Resources\ArcToolbox\toolboxes\Data Management Tools.tbx\UpdateSchema" Date="20230216" Time="095231">UpdateSchema "CIMDATA=&lt;CIMFeatureDatasetDataConnection xsi:type='typens:CIMFeatureDatasetDataConnection' xmlns:xsi='http://www.w3.org/2001/XMLSchema-instance' xmlns:xs='http://www.w3.org/2001/XMLSchema' xmlns:typens='http://www.esri.com/schemas/ArcGIS/3.0.0'&gt;&lt;FeatureDataset&gt;OAIEE.Coercion&lt;/FeatureDataset&gt;&lt;WorkspaceConnectionString&gt;ENCRYPTED_PASSWORD_UTF8=00022e6831307a6333387a79786373387258726d417437376c62695048334e795953713362582b43567857304b4a383d2a00;ENCRYPTED_PASSWORD=00022e68684c3136434e67637a59694178667635506c7a396762634c6d566e41305855304b50594c7634716b43374d3d2a00;SERVER=sde;INSTANCE=sde:oracle$sde:oracle11g:ARGIS_PROD;USER=oaiee;VERSION=SDE.DEFAULT;AUTHENTICATION_MODE=DBMS&lt;/WorkspaceConnectionString&gt;&lt;WorkspaceFactory&gt;SDE&lt;/WorkspaceFactory&gt;&lt;Dataset&gt;OAIEE.CAIn&lt;/Dataset&gt;&lt;DatasetType&gt;esriDTFeatureClass&lt;/DatasetType&gt;&lt;/CIMFeatureDatasetDataConnection&gt;" &lt;operationSequence&gt;&lt;workflow&gt;&lt;AlterField&gt;&lt;field_name&gt;CAITURNO&lt;/field_name&gt;&lt;new_field_name&gt;CAITEQUIPA&lt;/new_field_name&gt;&lt;field_type&gt;TEXT&lt;/field_type&gt;&lt;field_is_nullable&gt;True&lt;/field_is_nullable&gt;&lt;clear_field_alias&gt;False&lt;/clear_field_alias&gt;&lt;/AlterField&gt;&lt;/workflow&gt;&lt;/operationSequence&gt;</Process><Process ToolSource="c:\program files\arcgis\pro\Resources\ArcToolbox\toolboxes\Data Management Tools.tbx\CalculateField" Date="20230817" Time="102952">CalculateField "Comando de Acción Inmediata" CAIANIO_GE '2023' "Python 3" # Text NO_ENFORCE_DOMAINS</Process><Process ToolSource="c:\program files\arcgis\pro\Resources\ArcToolbox\toolboxes\Data Management Tools.tbx\CalculateField" Date="20230817" Time="103057">CalculateField "Comando de Acción Inmediata" CAIFECHA_F '30/06/2023' "Python 3" # Text NO_ENFORCE_DOMAINS</Process><Process ToolSource="c:\program files\arcgis\pro\Resources\ArcToolbox\toolboxes\Data Management Tools.tbx\CalculateField" Date="20230817" Time="103214">CalculateField "Comando de Acción Inmediata" CAIFECHA_C '31/07/2023' "Python 3" # Text NO_ENFORCE_DOMAINS</Process><Process ToolSource="d:\instalacion_argis_2018\server\ArcToolbox\Toolboxes\Data Management Tools.tbx\CalculateField" Date="20240205" Time="124834">CalculateField C:\Users\arcgis\Documents\ArcGIS\Projects\MyProject\ARGIS_PROD.sde\OAIEE.Coercion\OAIEE.CAIn CAIFECHA_F '31/12/2023' PYTHON #</Process><Process ToolSource="d:\instalacion_argis_2018\server\ArcToolbox\Toolboxes\Data Management Tools.tbx\CalculateField" Date="20240205" Time="124836">CalculateField C:\Users\arcgis\Documents\ArcGIS\Projects\MyProject\ARGIS_PROD.sde\OAIEE.Coercion\OAIEE.CAIn CAIFECHA_C '05/02/2024' PYTHON #</Process><Process ToolSource="d:\instalacion_argis_2018\server\ArcToolbox\Toolboxes\Data Management Tools.tbx\CalculateField" Date="20240205" Time="134933">CalculateField C:\Users\arcgis\Documents\ArcGIS\Projects\MyProject\ARGIS_PROD.sde\OAIEE.Coercion\OAIEE.CAIn CAIFECHA_F '31/12/2023' PYTHON #</Process><Process ToolSource="d:\instalacion_argis_2018\server\ArcToolbox\Toolboxes\Data Management Tools.tbx\CalculateField" Date="20240205" Time="134934">CalculateField C:\Users\arcgis\Documents\ArcGIS\Projects\MyProject\ARGIS_PROD.sde\OAIEE.Coercion\OAIEE.CAIn CAIFECHA_C '02/05/2024' PYTHON #</Process><Process ToolSource="d:\instalacion_argis_2018\server\ArcToolbox\Toolboxes\Data Management Tools.tbx\CalculateField" Date="20240205" Time="140554">CalculateField C:\Users\arcgis\Documents\ArcGIS\Projects\MyProject\ARGIS_PROD.sde\OAIEE.Coercion\OAIEE.CAIn CAIFECHA_F '31/12/2023 05:00:00' PYTHON #</Process><Process ToolSource="d:\instalacion_argis_2018\server\ArcToolbox\Toolboxes\Data Management Tools.tbx\CalculateField" Date="20240205" Time="140555">CalculateField C:\Users\arcgis\Documents\ArcGIS\Projects\MyProject\ARGIS_PROD.sde\OAIEE.Coercion\OAIEE.CAIn CAIFECHA_C '05/02/2024 05:00:00' PYTHON #</Process><Process ToolSource="d:\instalacion_argis_2018\server\ArcToolbox\Toolboxes\Data Management Tools.tbx\CalculateField" Date="20240205" Time="141054">CalculateField C:\Users\arcgis\Documents\ArcGIS\Projects\MyProject\ARGIS_PROD.sde\OAIEE.Coercion\OAIEE.CAIn CAIFECHA_F '31/12/2023 05:00:00' PYTHON #</Process><Process ToolSource="d:\instalacion_argis_2018\server\ArcToolbox\Toolboxes\Data Management Tools.tbx\CalculateField" Date="20240205" Time="141056">CalculateField C:\Users\arcgis\Documents\ArcGIS\Projects\MyProject\ARGIS_PROD.sde\OAIEE.Coercion\OAIEE.CAIn CAIFECHA_C '05/02/2024 05:00:00' PYTHON #</Process><Process ToolSource="d:\instalacion_argis_2018\server\ArcToolbox\Toolboxes\Data Management Tools.tbx\CalculateField" Date="20240205" Time="141442">CalculateField C:\Users\arcgis\Documents\ArcGIS\Projects\MyProject\ARGIS_PROD.sde\OAIEE.Coercion\OAIEE.CAIn CAIFECHA_F '31/12/2023 05:00:00' PYTHON #</Process><Process ToolSource="d:\instalacion_argis_2018\server\ArcToolbox\Toolboxes\Data Management Tools.tbx\CalculateField" Date="20240205" Time="141444">CalculateField C:\Users\arcgis\Documents\ArcGIS\Projects\MyProject\ARGIS_PROD.sde\OAIEE.Coercion\OAIEE.CAIn CAIFECHA_C '05/02/2024 05:00:00' PYTHON #</Process><Process ToolSource="d:\instalacion_argis_2018\server\ArcToolbox\Toolboxes\Data Management Tools.tbx\CalculateField" Date="20240821" Time="180536">CalculateField C:\Users\arcgis\Documents\ArcGIS\Projects\MyProject\ARGIS_PROD.sde\OAIEE.Coercion\OAIEE.CAIn CAIFECHA_F '30/06/2024 05:00:00' PYTHON #</Process><Process ToolSource="d:\instalacion_argis_2018\server\ArcToolbox\Toolboxes\Data Management Tools.tbx\CalculateField" Date="20240821" Time="180537">CalculateField C:\Users\arcgis\Documents\ArcGIS\Projects\MyProject\ARGIS_PROD.sde\OAIEE.Coercion\OAIEE.CAIn CAIFECHA_C '05/08/2024 05:00:00' PYTHON #</Process><Process ToolSource="d:\instalacion_argis_2018\server\ArcToolbox\Toolboxes\Data Management Tools.tbx\CalculateField" Date="20240821" Time="180723">CalculateField C:\Users\arcgis\Documents\ArcGIS\Projects\MyProject\ARGIS_PROD.sde\OAIEE.Coercion\OAIEE.CAIn CAIFECHA_F '30/06/2024 05:00:00' PYTHON #</Process><Process ToolSource="d:\instalacion_argis_2018\server\ArcToolbox\Toolboxes\Data Management Tools.tbx\CalculateField" Date="20240821" Time="180724">CalculateField C:\Users\arcgis\Documents\ArcGIS\Projects\MyProject\ARGIS_PROD.sde\OAIEE.Coercion\OAIEE.CAIn CAIFECHA_C '08/05/2024 05:00:00' PYTHON #</Process><Process ToolSource="d:\instalacion_argis_2018\server\ArcToolbox\Toolboxes\Data Management Tools.tbx\CalculateField" Date="20250120" Time="130044">CalculateField C:\Users\arcgis\Documents\ArcGIS\Projects\MyProject\ARGIS_PROD.sde\OAIEE.Coercion\OAIEE.CAIn CAIFECHA_F '31/12/2024 12:00:00' PYTHON #</Process><Process ToolSource="d:\instalacion_argis_2018\server\ArcToolbox\Toolboxes\Data Management Tools.tbx\CalculateField" Date="20250120" Time="130045">CalculateField C:\Users\arcgis\Documents\ArcGIS\Projects\MyProject\ARGIS_PROD.sde\OAIEE.Coercion\OAIEE.CAIn CAIFECHA_C '31/12/2024 12:00:00' PYTHON #</Process><Process ToolSource="d:\instalacion_argis_2018\server\ArcToolbox\Toolboxes\Data Management Tools.tbx\CopyFeatures" Date="20250120" Time="140118">CopyFeatures ComandoAtencionInmediata D:\Geoprocesos\Queryslayersfiles\EquimientosPrimerSemestre2025\ComandoAtencionInmediata\SHP\ComandoAtencionInmediata.shp # 0 0 0</Process></lineage><LayerFile>{"type":"CIMLayerDocument","version":"2.6.0","build":24783,"layers":["CIMPATH=mapa_base_ortho2014/comando_de_atenci_n_inmediata.xml"],"layerDefinitions":[{"type":"CIMFeatureLayer","name":"Comando de Atención Inmediata","uRI":"CIMPATH=mapa_base_ortho2014/comando_de_atenci_n_inmediata.xml","sourceModifiedTime":{"type":"TimeInstant"},"useSourceMetadata":true,"description":"Comando de Atención Inmediata","expanded":true,"layerType":"Operational","showLegends":true,"visibility":true,"displayCacheType":"Permanent","maxDisplayCacheAge":5,"showPopups":true,"serviceLayerID":-1,"refreshRate":-1,"refreshRateUnit":"esriTimeUnitsSeconds","autoGenerateFeatureTemplates":true,"featureTable":{"type":"CIMFeatureTable","displayField":"CAICOD_PLAN","editable":true,"dataConnection":{"type":"CIMFeatureDatasetDataConnection"},"studyAreaSpatialRel":"esriSpatialRelUndefined","searchOrder":"esriSearchOrderSpatial"},"htmlPopupEnabled":true,"selectable":true,"featureCacheType":"Session","displayFiltersType":"ByScale","labelClasses":[{"type":"CIMLabelClass","expression":"$feature.CAICOD_PLAN","expressionEngine":"Arcade","featuresToLabel":"AllVisibleFeatures","maplexLabelPlacementProperties":{"type":"CIMMaplexLabelPlacementProperties","featureType":"Point","avoidPolygonHoles":true,"canOverrunFeature":true,"canPlaceLabelOutsidePolygon":true,"canRemoveOverlappingLabel":true,"canStackLabel":true,"connectionType":"Unambiguous","constrainOffset":"NoConstraint","contourAlignmentType":"Page","contourLadderType":"Straight","contourMaximumAngle":90,"enableConnection":true,"enablePointPlacementPriorities":true,"featureWeight":0,"fontHeightReductionLimit":4,"fontHeightReductionStep":0.5,"fontWidthReductionLimit":90,"fontWidthReductionStep":5,"graticuleAlignmentType":"Straight","keyNumberGroupName":"Default","labelBuffer":15,"labelLargestPolygon":true,"labelPriority":-1,"labelStackingProperties":{"type":"CIMMaplexLabelStackingProperties","stackAlignment":"ChooseBest","maximumNumberOfLines":3,"minimumNumberOfCharsPerLine":3,"maximumNumberOfCharsPerLine":24,"separators":[{"type":"CIMMaplexStackingSeparator","separator":" ","splitAfter":true},{"type":"CIMMaplexStackingSeparator","separator":",","visible":true,"splitAfter":true}]},"lineFeatureType":"General","linePlacementMethod":"OffsetCurvedFromLine","maximumLabelOverrun":36,"maximumLabelOverrunUnit":"Point","minimumFeatureSizeUnit":"Map","multiPartOption":"OneLabelPerPart","offsetAlongLineProperties":{"type":"CIMMaplexOffsetAlongLineProperties","placementMethod":"BestPositionAlongLine","labelAnchorPoint":"CenterOfLabel","distanceUnit":"Percentage","useLineDirection":true},"pointExternalZonePriorities":{"type":"CIMMaplexExternalZonePriorities","aboveLeft":4,"aboveCenter":2,"aboveRight":1,"centerRight":3,"belowRight":5,"belowCenter":7,"belowLeft":8,"centerLeft":6},"pointPlacementMethod":"AroundPoint","polygonAnchorPointType":"GeometricCenter","polygonBoundaryWeight":0,"polygonExternalZones":{"type":"CIMMaplexExternalZonePriorities","aboveLeft":4,"aboveCenter":2,"aboveRight":1,"centerRight":3,"belowRight":5,"belowCenter":7,"belowLeft":8,"centerLeft":6},"polygonFeatureType":"General","polygonInternalZones":{"type":"CIMMaplexInternalZonePriorities","center":1},"polygonPlacementMethod":"CurvedInPolygon","primaryOffset":1,"primaryOffsetUnit":"Point","removeExtraWhiteSpace":true,"repetitionIntervalUnit":"Point","rotationProperties":{"type":"CIMMaplexRotationProperties","rotationType":"Arithmetic","alignmentType":"Straight"},"secondaryOffset":100,"strategyPriorities":{"type":"CIMMaplexStrategyPriorities","stacking":1,"overrun":2,"fontCompression":3,"fontReduction":4,"abbreviation":5},"thinningDistanceUnit":"Point","truncationMarkerCharacter":".","truncationMinimumLength":1,"truncationPreferredCharacters":"aeiou","truncationExcludedCharacters":"0123456789"},"name":"Class 1","priority":-1,"standardLabelPlacementProperties":{"type":"CIMStandardLabelPlacementProperties","featureType":"Line","featureWeight":"Low","labelWeight":"High","numLabelsOption":"OneLabelPerName","lineLabelPosition":{"type":"CIMStandardLineLabelPosition","above":true,"inLine":true,"parallel":true},"lineLabelPriorities":{"type":"CIMStandardLineLabelPriorities","aboveStart":3,"aboveAlong":3,"aboveEnd":3,"centerStart":3,"centerAlong":3,"centerEnd":3,"belowStart":3,"belowAlong":3,"belowEnd":3},"pointPlacementMethod":"AroundPoint","pointPlacementPriorities":{"type":"CIMStandardPointPlacementPriorities","aboveLeft":2,"aboveCenter":2,"aboveRight":1,"centerLeft":3,"centerRight":2,"belowLeft":3,"belowCenter":3,"belowRight":2},"rotationType":"Arithmetic","polygonPlacementMethod":"AlwaysHorizontal"},"textSymbol":{"type":"CIMSymbolReference","symbol":{"type":"CIMTextSymbol","blockProgression":"TTB","depth3D":1,"extrapolateBaselines":true,"fontEffects":"Normal","fontEncoding":"Unicode","fontFamilyName":"Tahoma","fontStyleName":"Regular","fontType":"Unspecified","haloSize":1,"height":10,"hinting":"Default","horizontalAlignment":"Left","kerning":true,"letterWidth":100,"ligatures":true,"lineGapType":"ExtraLeading","symbol":{"type":"CIMPolygonSymbol","symbolLayers":[{"type":"CIMSolidFill","enable":true,"color":{"type":"CIMRGBColor","values":[0,0,0,100]}}]},"textCase":"Normal","textDirection":"LTR","verticalAlignment":"Bottom","verticalGlyphOrientation":"Right","wordSpacing":100,"billboardMode3D":"FaceNearPlane"}},"useCodedValue":true,"visibility":true,"iD":-1}],"renderer":{"type":"CIMSimpleRenderer","patch":"Default","symbol":{"type":"CIMSymbolReference","symbol":{"type":"CIMPointSymbol","symbolLayers":[{"type":"CIMVectorMarker","enable":true,"anchorPointUnits":"Relative","dominantSizeAxis3D":"Z","size":4,"billboardMode3D":"FaceNearPlane","frame":{"xmin":-2,"ymin":-2,"xmax":2,"ymax":2},"markerGraphics":[{"type":"CIMMarkerGraphic","geometry":{"curveRings":[[[1.2246467991473532e-16,2],{"a":[[1.2246467991473532e-16,2],[0,0],0,1]}]]},"symbol":{"type":"CIMPolygonSymbol","symbolLayers":[{"type":"CIMSolidStroke","enable":true,"capStyle":"Round","joinStyle":"Round","lineStyle3D":"Strip","miterLimit":10,"width":0.69999999999999996,"color":{"type":"CIMRGBColor","values":[0,0,0,100]}},{"type":"CIMSolidFill","enable":true,"color":{"type":"CIMRGBColor","values":[153,124.84,47.43,100]}}]}}],"respectFrame":true}],"haloSize":1,"scaleX":1,"angleAlignment":"Display"}}},"scaleSymbols":true,"snappable":true}]}</LayerFile></DataProperties><SyncDate>20250120</SyncDate><SyncTime>14011800</SyncTime><ModDate>20250120</ModDate><ModTime>14011800</ModTime></Esri><dataIdInfo><envirDesc Sync="TRUE"> Version 6.2 (Build 9200) ; Esri ArcGIS 10.9.1.28388</envirDesc><dataLang><languageCode value="eng" Sync="TRUE"></languageCode><countryCode value="USA" Sync="TRUE"></countryCode></dataLang><idCitation><resTitle Sync="TRUE">ComandoAtencionInmediata</resTitle><presForm><PresFormCd value="005" Sync="TRUE"></PresFormCd></presForm></idCitation><spatRpType><SpatRepTypCd value="001" Sync="TRUE"></SpatRepTypCd></spatRpType><dataExt><geoEle><GeoBndBox esriExtentType="search"><exTypeCode Sync="TRUE">1</exTypeCode><westBL Sync="TRUE">-74.206269</westBL><eastBL Sync="TRUE">-74.022571</eastBL><northBL Sync="TRUE">4.819822</northBL><southBL Sync="TRUE">4.470997</southBL></GeoBndBox></geoEle></dataExt></dataIdInfo><mdLang><languageCode value="eng" Sync="TRUE"></languageCode><countryCode value="USA" Sync="TRUE"></countryCode></mdLang><distInfo><distFormat><formatName Sync="TRUE">Shapefile</formatName></distFormat><distTranOps><transSize Sync="TRUE">0.000</transSize></distTranOps></distInfo><mdHrLv><ScopeCd value="005" Sync="TRUE"></ScopeCd></mdHrLv><mdHrLvName Sync="TRUE">dataset</mdHrLvName><refSysInfo><RefSystem><refSysID><identCode code="4686" Sync="TRUE"></identCode><idCodeSpace Sync="TRUE">EPSG</idCodeSpace><idVersion Sync="TRUE">6.14(9.2.0)</idVersion></refSysID></RefSystem></refSysInfo><spatRepInfo><VectSpatRep><geometObjs Name="ComandoAtencionInmediata"><geoObjTyp><GeoObjTypCd value="004" Sync="TRUE"></GeoObjTypCd></geoObjTyp><geoObjCnt Sync="TRUE">0</geoObjCnt></geometObjs><topLvl><TopoLevCd value="001" Sync="TRUE"></TopoLevCd></topLvl></VectSpatRep></spatRepInfo><spdoinfo><ptvctinf><esriterm Name="ComandoAtencionInmediata"><efeatyp Sync="TRUE">Simple</efeatyp><efeageom code="1" Sync="TRUE"></efeageom><esritopo Sync="TRUE">FALSE</esritopo><efeacnt Sync="TRUE">0</efeacnt><spindex Sync="TRUE">FALSE</spindex><linrefer Sync="TRUE">FALSE</linrefer></esriterm></ptvctinf></spdoinfo><eainfo><detailed Name="ComandoAtencionInmediata"><enttyp><enttypl Sync="TRUE">ComandoAtencionInmediata</enttypl><enttypt Sync="TRUE">Feature Class</enttypt><enttypc Sync="TRUE">0</enttypc></enttyp><attr><attrlabl Sync="TRUE">FID</attrlabl><attalias Sync="TRUE">FID</attalias><attrtype Sync="TRUE">OID</attrtype><attwidth Sync="TRUE">4</attwidth><atprecis Sync="TRUE">0</atprecis><attscale Sync="TRUE">0</attscale><attrdef Sync="TRUE">Internal feature number.</attrdef><attrdefs Sync="TRUE">Esri</attrdefs><attrdomv><udom Sync="TRUE">Sequential unique whole numbers that are automatically generated.</udom></attrdomv></attr><attr><attrlabl Sync="TRUE">CAICOD_ENT</attrlabl><attalias Sync="TRUE">CAICOD_ENT</attalias><attrtype Sync="TRUE">String</attrtype><attwidth Sync="TRUE">10</attwidth><atprecis Sync="TRUE">0</atprecis><attscale Sync="TRUE">0</attscale></attr><attr><attrlabl Sync="TRUE">CAICOD_PLA</attrlabl><attalias Sync="TRUE">CAICOD_PLA</attalias><attrtype Sync="TRUE">Integer</attrtype><attwidth Sync="TRUE">10</attwidth><atprecis Sync="TRUE">10</atprecis><attscale Sync="TRUE">0</attscale></attr><attr><attrlabl Sync="TRUE">CAIDESCRIP</attrlabl><attalias Sync="TRUE">CAIDESCRIP</attalias><attrtype Sync="TRUE">String</attrtype><attwidth Sync="TRUE">100</attwidth><atprecis Sync="TRUE">0</atprecis><attscale Sync="TRUE">0</attscale></attr><attr><attrlabl Sync="TRUE">CAICOD_PRO</attrlabl><attalias Sync="TRUE">CAICOD_PRO</attalias><attrtype Sync="TRUE">String</attrtype><attwidth Sync="TRUE">10</attwidth><atprecis Sync="TRUE">0</atprecis><attscale Sync="TRUE">0</attscale></attr><attr><attrlabl Sync="TRUE">CAIANIO_GE</attrlabl><attalias Sync="TRUE">CAIANIO_GE</attalias><attrtype Sync="TRUE">Integer</attrtype><attwidth Sync="TRUE">10</attwidth><atprecis Sync="TRUE">10</atprecis><attscale Sync="TRUE">0</attscale></attr><attr><attrlabl Sync="TRUE">CAIFECHA_I</attrlabl><attalias Sync="TRUE">CAIFECHA_I</attalias><attrtype Sync="TRUE">Date</attrtype><attwidth Sync="TRUE">8</attwidth><atprecis Sync="TRUE">0</atprecis><attscale Sync="TRUE">0</attscale></attr><attr><attrlabl Sync="TRUE">CAIFECHA_F</attrlabl><attalias Sync="TRUE">CAIFECHA_F</attalias><attrtype Sync="TRUE">Date</attrtype><attwidth Sync="TRUE">8</attwidth><atprecis Sync="TRUE">0</atprecis><attscale Sync="TRUE">0</attscale></attr><attr><attrlabl Sync="TRUE">Shape</attrlabl><attalias Sync="TRUE">Shape</attalias><attrtype Sync="TRUE">Geometry</attrtype><attwidth Sync="TRUE">0</attwidth><atprecis Sync="TRUE">0</atprecis><attscale Sync="TRUE">0</attscale><attrdef Sync="TRUE">Feature geometry.</attrdef><attrdefs Sync="TRUE">Esri</attrdefs><attrdomv><udom Sync="TRUE">Coordinates defining the features.</udom></attrdomv></attr><attr><attrlabl Sync="TRUE">CAIEST_PRO</attrlabl><attalias Sync="TRUE">CAIEST_PRO</attalias><attrtype Sync="TRUE">String</attrtype><attwidth Sync="TRUE">10</attwidth><atprecis Sync="TRUE">0</atprecis><attscale Sync="TRUE">0</attscale></attr><attr><attrlabl Sync="TRUE">CAIINTERV_</attrlabl><attalias Sync="TRUE">CAIINTERV_</attalias><attrtype Sync="TRUE">String</attrtype><attwidth Sync="TRUE">10</attwidth><atprecis Sync="TRUE">0</atprecis><attscale Sync="TRUE">0</attscale></attr><attr><attrlabl Sync="TRUE">CAIDIR_SIT</attrlabl><attalias Sync="TRUE">CAIDIR_SIT</attalias><attrtype Sync="TRUE">String</attrtype><attwidth Sync="TRUE">100</attwidth><atprecis Sync="TRUE">0</atprecis><attscale Sync="TRUE">0</attscale></attr><attr><attrlabl Sync="TRUE">CAICOD_SIT</attrlabl><attalias Sync="TRUE">CAICOD_SIT</attalias><attrtype Sync="TRUE">Integer</attrtype><attwidth Sync="TRUE">10</attwidth><atprecis Sync="TRUE">10</atprecis><attscale Sync="TRUE">0</attscale></attr><attr><attrlabl Sync="TRUE">CAIHorario</attrlabl><attalias Sync="TRUE">CAIHORARIO</attalias><attrtype Sync="TRUE">String</attrtype><attwidth Sync="TRUE">50</attwidth><atprecis Sync="TRUE">0</atprecis><attscale Sync="TRUE">0</attscale></attr><attr><attrlabl Sync="TRUE">CAIIUUPLAN</attrlabl><attalias Sync="TRUE">CAIIUUPLAN</attalias><attrtype Sync="TRUE">String</attrtype><attwidth Sync="TRUE">50</attwidth><atprecis Sync="TRUE">0</atprecis><attscale Sync="TRUE">0</attscale></attr><attr><attrlabl Sync="TRUE">CAIIUSCATA</attrlabl><attalias Sync="TRUE">CAIIUSCATA</attalias><attrtype Sync="TRUE">String</attrtype><attwidth Sync="TRUE">50</attwidth><atprecis Sync="TRUE">0</atprecis><attscale Sync="TRUE">0</attscale></attr><attr><attrlabl Sync="TRUE">CAIIULOCAL</attrlabl><attalias Sync="TRUE">CAIIULOCAL</attalias><attrtype Sync="TRUE">String</attrtype><attwidth Sync="TRUE">50</attwidth><atprecis Sync="TRUE">0</atprecis><attscale Sync="TRUE">0</attscale></attr><attr><attrlabl Sync="TRUE">CAILONGITU</attrlabl><attalias Sync="TRUE">CAILONGITU</attalias><attrtype Sync="TRUE">Double</attrtype><attwidth Sync="TRUE">19</attwidth><atprecis Sync="TRUE">18</atprecis><attscale Sync="TRUE">8</attscale></attr><attr><attrlabl Sync="TRUE">CAILATITUD</attrlabl><attalias Sync="TRUE">CAILATITUD</attalias><attrtype Sync="TRUE">Double</attrtype><attwidth Sync="TRUE">19</attwidth><atprecis Sync="TRUE">18</atprecis><attscale Sync="TRUE">8</attscale></attr><attr><attrlabl Sync="TRUE">CAICELECTR</attrlabl><attalias Sync="TRUE">CAICELECTR</attalias><attrtype Sync="TRUE">String</attrtype><attwidth Sync="TRUE">50</attwidth><atprecis Sync="TRUE">0</atprecis><attscale Sync="TRUE">0</attscale></attr><attr><attrlabl Sync="TRUE">CAITEQUIPA</attrlabl><attalias Sync="TRUE">CAITEQUIPA</attalias><attrtype Sync="TRUE">String</attrtype><attwidth Sync="TRUE">50</attwidth><atprecis Sync="TRUE">0</atprecis><attscale Sync="TRUE">0</attscale></attr><attr><attrlabl Sync="TRUE">CAICONTACT</attrlabl><attalias Sync="TRUE">CAICONTACT</attalias><attrtype Sync="TRUE">String</attrtype><attwidth Sync="TRUE">50</attwidth><atprecis Sync="TRUE">0</atprecis><attscale Sync="TRUE">0</attscale></attr><attr><attrlabl Sync="TRUE">CAIPWEB</attrlabl><attalias Sync="TRUE">CAIPWEB</attalias><attrtype Sync="TRUE">String</attrtype><attwidth Sync="TRUE">50</attwidth><atprecis Sync="TRUE">0</atprecis><attscale Sync="TRUE">0</attscale></attr><attr><attrlabl Sync="TRUE">CAIIDENTIF</attrlabl><attalias Sync="TRUE">CAIIDENTIF</attalias><attrtype Sync="TRUE">String</attrtype><attwidth Sync="TRUE">50</attwidth><atprecis Sync="TRUE">0</atprecis><attscale Sync="TRUE">0</attscale></attr><attr><attrlabl Sync="TRUE">CAITelefon</attrlabl><attalias Sync="TRUE">CAITELEFON</attalias><attrtype Sync="TRUE">String</attrtype><attwidth Sync="TRUE">50</attwidth><atprecis Sync="TRUE">0</atprecis><attscale Sync="TRUE">0</attscale></attr><attr><attrlabl Sync="TRUE">CAINOMBRE</attrlabl><attalias Sync="TRUE">CAINOMBRE</attalias><attrtype Sync="TRUE">String</attrtype><attwidth Sync="TRUE">50</attwidth><atprecis Sync="TRUE">0</atprecis><attscale Sync="TRUE">0</attscale></attr><attr><attrlabl Sync="TRUE">CAIFECHA_C</attrlabl><attalias Sync="TRUE">CAIFECHA_C</attalias><attrtype Sync="TRUE">Date</attrtype><attwidth Sync="TRUE">8</attwidth><atprecis Sync="TRUE">0</atprecis><attscale Sync="TRUE">0</attscale></attr><attr><attrlabl Sync="TRUE">CAIEASOCIA</attrlabl><attalias Sync="TRUE">CAIEASOCIA</attalias><attrtype Sync="TRUE">String</attrtype><attwidth Sync="TRUE">200</attwidth><atprecis Sync="TRUE">0</atprecis><attscale Sync="TRUE">0</attscale></attr><attr><attrlabl Sync="TRUE">CAIFUNCION</attrlabl><attalias Sync="TRUE">CAIFUNCION</attalias><attrtype Sync="TRUE">String</attrtype><attwidth Sync="TRUE">100</attwidth><atprecis Sync="TRUE">0</atprecis><attscale Sync="TRUE">0</attscale></attr><attr><attrlabl Sync="TRUE">CAISERVICI</attrlabl><attalias Sync="TRUE">CAISERVICI</attalias><attrtype Sync="TRUE">String</attrtype><attwidth Sync="TRUE">254</attwidth><atprecis Sync="TRUE">0</atprecis><attscale Sync="TRUE">0</attscale></attr></detailed></eainfo><mdDateSt Sync="TRUE">20250120</mdDateSt></metadata>
