<metadata xml:lang="es"><Esri><CreaDate>20210909</CreaDate><CreaTime>21074200</CreaTime><ArcGISFormat>1.0</ArcGISFormat><SyncOnce>FALSE</SyncOnce><DataProperties><lineage><Process ToolSource="c:\program files (x86)\arcgis\desktop10.8\ArcToolbox\Toolboxes\Data Management Tools.tbx\CalculateField" Date="20210908" Time="212140">CalculateField "Arbolado Urbano" Cod_uso_suelo 0 VB #</Process><Process ToolSource="c:\program files (x86)\arcgis\desktop10.8\ArcToolbox\Toolboxes\Data Management Tools.tbx\CalculateField" Date="20210908" Time="212202">CalculateField "Arbolado Urbano" Cod_uso_suelo "0" VB #</Process><Process ToolSource="c:\program files (x86)\arcgis\desktop10.8\ArcToolbox\Toolboxes\Data Management Tools.tbx\CalculateField" Date="20210908" Time="212526">CalculateField "Arbolado Urbano" Cod_uso_suelo "1" VB #</Process><Process ToolSource="c:\program files\arcgis\pro\Resources\ArcToolbox\toolboxes\Conversion Tools.tbx\ExportFeatures" Date="20250227" Time="120703">ExportFeatures "Arbolado Urbano" "C:\Users\Liliana\Documents\JARDIN_BOTANICO\2025\Export DA\Arbolado Urbano\Arboaldo_Urbano.shp" # NOT_USE_ALIAS "Codigo_Arbol "Código Arbol" true true false 20 Text 0 0,First,#,Arbolado Urbano,Codigo_Arbol,0,20;Con_Especie_ID "Especie" true true false 4 Long 0 10,First,#,Arbolado Urbano,Con_Especie_ID,-1,-1;Nombre_Esp "Nombre Especie" true true false 100 Text 0 0,First,#,Arbolado Urbano,Nombre_Esp,0,100;Altura_Total "Altura Total" true true false 8 Double 8 38,First,#,Arbolado Urbano,Altura_Total,-1,-1;Tipo_Emplazamiento "Emplazamiento" true true false 10 Text 0 0,First,#,Arbolado Urbano,Tipo_Emplazamiento,0,10;Codigo_UPZ "Codigo UPZ" true true false 10 Text 0 0,First,#,Arbolado Urbano,Codigo_UPZ,0,10;Codigo_Localidad "Codigo Localidad" true true false 10 Text 0 0,First,#,Arbolado Urbano,Codigo_Localidad,0,10;Fecha_Actualizacion "Actualización" true true false 8 Date 0 0,First,#,Arbolado Urbano,Fecha_Actualizacion,-1,-1;Latitud "Latitud" true true false 8 Double 8 38,First,#,Arbolado Urbano,Latitud,-1,-1;Longitud "Longitud" true true false 8 Double 8 38,First,#,Arbolado Urbano,Longitud,-1,-1;Cod_sist_emplaz "Sistema Emplazamiento" true true false 5 Text 0 0,First,#,Arbolado Urbano,Cod_sist_emplaz,0,5;Codigo_Scat "Codigo_Scat" true true false 20 Text 0 0,First,#,Arbolado Urbano,Codigo_Scat,0,20;Cod_uso_suelo "Tipo Uso Suelo" true true false 2 Text 0 0,First,#,Arbolado Urbano,Cod_uso_suelo,0,2" #</Process><Process ToolSource="c:\program files\arcgis\pro\Resources\ArcToolbox\toolboxes\Conversion Tools.tbx\ExportFeatures" Date="20250227" Time="123801">ExportFeatures Arboaldo_Urbano "C:\Users\Liliana\Documents\JARDIN_BOTANICO\2025\Export DA\Arbolado Urbano\Arboaldo_Urbano_filtro.shp" # NOT_USE_ALIAS "Codigo_Arb "Codigo_Arb" true true false 20 Text 0 0,First,#,Arboaldo_Urbano,Codigo_Arb,0,20;Con_Especi "Con_Especi" true true false 10 Long 0 10,First,#,Arboaldo_Urbano,Con_Especi,-1,-1;Nombre_Esp "Nombre_Esp" true true false 100 Text 0 0,First,#,Arboaldo_Urbano,Nombre_Esp,0,100;Altura_Tot "Altura_Tot" true true false 19 Double 8 18,First,#,Arboaldo_Urbano,Altura_Tot,-1,-1;Tipo_Empla "Tipo_Empla" true true false 10 Text 0 0,First,#,Arboaldo_Urbano,Tipo_Empla,0,10;Codigo_UPZ "Codigo_UPZ" true true false 10 Text 0 0,First,#,Arboaldo_Urbano,Codigo_UPZ,0,10;Codigo_Loc "Codigo_Loc" true true false 10 Text 0 0,First,#,Arboaldo_Urbano,Codigo_Loc,0,10;Fecha_Actu "Fecha_Actu" true true false 8 Date 0 0,First,#,Arboaldo_Urbano,Fecha_Actu,-1,-1;Latitud "Latitud" true true false 19 Double 8 18,First,#,Arboaldo_Urbano,Latitud,-1,-1;Longitud "Longitud" true true false 19 Double 8 18,First,#,Arboaldo_Urbano,Longitud,-1,-1;Cod_sist_e "Cod_sist_e" true true false 5 Text 0 0,First,#,Arboaldo_Urbano,Cod_sist_e,0,5;Codigo_Sca "Codigo_Sca" true true false 20 Text 0 0,First,#,Arboaldo_Urbano,Codigo_Sca,0,20;Cod_uso_su "Cod_uso_su" true true false 2 Text 0 0,First,#,Arboaldo_Urbano,Cod_uso_su,0,2" #</Process><Process ToolSource="c:\program files\arcgis\pro\Resources\ArcToolbox\Toolboxes\Data Management Tools.tbx\Rename" Date="20250228" Time="162820">Rename "C:\Users\Liliana\Documents\JARDIN_BOTANICO\2025\Export DA\Arbolado Urbano\shapefile\Arboaldo_Urbano_filtro.shp" "C:\Users\Liliana\Documents\JARDIN_BOTANICO\2025\Export DA\Arbolado Urbano\shapefile\Arboaldo_Urbano.shp" ShapeFile</Process></lineage><itemProps><itemLocation><linkage Sync="TRUE">file://\\DESKTOP-FEM1RL2\C$\Users\Liliana\Documents\JARDIN_BOTANICO\2025\Export DA\Arbolado Urbano\Arboaldo_Urbano_filtro.shp</linkage><protocol Sync="TRUE">Local Area Network</protocol></itemLocation><itemName Sync="TRUE">Arboaldo_Urbano_filtro</itemName><imsContentType Sync="TRUE">002</imsContentType><itemSize Sync="TRUE">0.000</itemSize></itemProps><coordRef><type Sync="TRUE">Geographic</type><geogcsn Sync="TRUE">GCS_MAGNA</geogcsn><csUnits Sync="TRUE">Angular Unit: Degree (0.017453)</csUnits><peXml Sync="TRUE">&lt;GeographicCoordinateSystem xsi:type='typens:GeographicCoordinateSystem' xmlns:xsi='http://www.w3.org/2001/XMLSchema-instance' xmlns:xs='http://www.w3.org/2001/XMLSchema' xmlns:typens='http://www.esri.com/schemas/ArcGIS/3.0.0'&gt;&lt;WKT&gt;GEOGCS[&amp;quot;GCS_MAGNA&amp;quot;,DATUM[&amp;quot;D_MAGNA&amp;quot;,SPHEROID[&amp;quot;GRS_1980&amp;quot;,6378137.0,298.257222101]],PRIMEM[&amp;quot;Greenwich&amp;quot;,0.0],UNIT[&amp;quot;Degree&amp;quot;,0.0174532925199433],AUTHORITY[&amp;quot;EPSG&amp;quot;,4686]]&lt;/WKT&gt;&lt;XOrigin&gt;-400&lt;/XOrigin&gt;&lt;YOrigin&gt;-400&lt;/YOrigin&gt;&lt;XYScale&gt;11258999068426.238&lt;/XYScale&gt;&lt;ZOrigin&gt;-100000&lt;/ZOrigin&gt;&lt;ZScale&gt;10000&lt;/ZScale&gt;&lt;MOrigin&gt;-100000&lt;/MOrigin&gt;&lt;MScale&gt;10000&lt;/MScale&gt;&lt;XYTolerance&gt;8.983152841195215e-09&lt;/XYTolerance&gt;&lt;ZTolerance&gt;0.001&lt;/ZTolerance&gt;&lt;MTolerance&gt;0.001&lt;/MTolerance&gt;&lt;HighPrecision&gt;true&lt;/HighPrecision&gt;&lt;LeftLongitude&gt;-180&lt;/LeftLongitude&gt;&lt;WKID&gt;4686&lt;/WKID&gt;&lt;LatestWKID&gt;4686&lt;/LatestWKID&gt;&lt;/GeographicCoordinateSystem&gt;</peXml></coordRef></DataProperties><SyncDate>20250227</SyncDate><SyncTime>12334000</SyncTime><ModDate>20250227</ModDate><ModTime>12334000</ModTime></Esri><dataIdInfo><envirDesc Sync="TRUE">Microsoft Windows 10 Version 10.0 (Build 19045) ; Esri ArcGIS 13.0.3.36057</envirDesc><dataLang><languageCode value="spa" Sync="TRUE"></languageCode><countryCode value="COL" Sync="TRUE"></countryCode></dataLang><idCitation><resTitle Sync="TRUE">Arboaldo_Urbano_filtro</resTitle><presForm><PresFormCd value="005" Sync="TRUE"></PresFormCd></presForm></idCitation><spatRpType><SpatRepTypCd value="001" Sync="TRUE"></SpatRepTypCd></spatRpType></dataIdInfo><mdLang><languageCode value="spa" Sync="TRUE"></languageCode><countryCode value="COL" Sync="TRUE"></countryCode></mdLang><distInfo><distFormat><formatName Sync="TRUE">Shapefile</formatName></distFormat><distTranOps><transSize Sync="TRUE">0.000</transSize></distTranOps></distInfo><mdHrLv><ScopeCd value="005" Sync="TRUE"></ScopeCd></mdHrLv><mdHrLvName Sync="TRUE">dataset</mdHrLvName><refSysInfo><RefSystem><refSysID><identCode code="4686" Sync="TRUE"></identCode><idCodeSpace Sync="TRUE">EPSG</idCodeSpace><idVersion Sync="TRUE">6.14(9.2.0)</idVersion></refSysID></RefSystem></refSysInfo><spatRepInfo><VectSpatRep><geometObjs Name="Arboaldo_Urbano_filtro"><geoObjTyp><GeoObjTypCd value="004" Sync="TRUE"></GeoObjTypCd></geoObjTyp><geoObjCnt Sync="TRUE">0</geoObjCnt></geometObjs><topLvl><TopoLevCd value="001" Sync="TRUE"></TopoLevCd></topLvl></VectSpatRep></spatRepInfo><spdoinfo><ptvctinf><esriterm Name="Arboaldo_Urbano_filtro"><efeatyp Sync="TRUE">Simple</efeatyp><efeageom code="1" Sync="TRUE"></efeageom><esritopo Sync="TRUE">FALSE</esritopo><efeacnt Sync="TRUE">0</efeacnt><spindex Sync="TRUE">FALSE</spindex><linrefer Sync="TRUE">FALSE</linrefer></esriterm></ptvctinf></spdoinfo><eainfo><detailed Name="Arboaldo_Urbano_filtro"><enttyp><enttypl Sync="TRUE">Arboaldo_Urbano_filtro</enttypl><enttypt Sync="TRUE">Feature Class</enttypt><enttypc Sync="TRUE">0</enttypc></enttyp><attr><attrlabl Sync="TRUE">FID</attrlabl><attalias Sync="TRUE">FID</attalias><attrtype Sync="TRUE">OID</attrtype><attwidth Sync="TRUE">4</attwidth><atprecis Sync="TRUE">0</atprecis><attscale Sync="TRUE">0</attscale><attrdef Sync="TRUE">Internal feature number.</attrdef><attrdefs Sync="TRUE">Esri</attrdefs><attrdomv><udom Sync="TRUE">Sequential unique whole numbers that are automatically generated.</udom></attrdomv></attr><attr><attrlabl Sync="TRUE">Shape</attrlabl><attalias Sync="TRUE">Shape</attalias><attrtype Sync="TRUE">Geometry</attrtype><attwidth Sync="TRUE">0</attwidth><atprecis Sync="TRUE">0</atprecis><attscale Sync="TRUE">0</attscale><attrdef Sync="TRUE">Feature geometry.</attrdef><attrdefs Sync="TRUE">Esri</attrdefs><attrdomv><udom Sync="TRUE">Coordinates defining the features.</udom></attrdomv></attr><attr><attrlabl Sync="TRUE">Codigo_Arb</attrlabl><attalias Sync="TRUE">Codigo_Arb</attalias><attrtype Sync="TRUE">String</attrtype><attwidth Sync="TRUE">20</attwidth><atprecis Sync="TRUE">0</atprecis><attscale Sync="TRUE">0</attscale></attr><attr><attrlabl Sync="TRUE">Con_Especi</attrlabl><attalias Sync="TRUE">Con_Especi</attalias><attrtype Sync="TRUE">Integer</attrtype><attwidth Sync="TRUE">10</attwidth><atprecis Sync="TRUE">10</atprecis><attscale Sync="TRUE">0</attscale></attr><attr><attrlabl Sync="TRUE">Nombre_Esp</attrlabl><attalias Sync="TRUE">Nombre_Esp</attalias><attrtype Sync="TRUE">String</attrtype><attwidth Sync="TRUE">100</attwidth><atprecis Sync="TRUE">0</atprecis><attscale Sync="TRUE">0</attscale></attr><attr><attrlabl Sync="TRUE">Altura_Tot</attrlabl><attalias Sync="TRUE">Altura_Tot</attalias><attrtype Sync="TRUE">Double</attrtype><attwidth Sync="TRUE">19</attwidth><atprecis Sync="TRUE">18</atprecis><attscale Sync="TRUE">8</attscale></attr><attr><attrlabl Sync="TRUE">Tipo_Empla</attrlabl><attalias Sync="TRUE">Tipo_Empla</attalias><attrtype Sync="TRUE">String</attrtype><attwidth Sync="TRUE">10</attwidth><atprecis Sync="TRUE">0</atprecis><attscale Sync="TRUE">0</attscale></attr><attr><attrlabl Sync="TRUE">Codigo_UPZ</attrlabl><attalias Sync="TRUE">Codigo_UPZ</attalias><attrtype Sync="TRUE">String</attrtype><attwidth Sync="TRUE">10</attwidth><atprecis Sync="TRUE">0</atprecis><attscale Sync="TRUE">0</attscale></attr><attr><attrlabl Sync="TRUE">Codigo_Loc</attrlabl><attalias Sync="TRUE">Codigo_Loc</attalias><attrtype Sync="TRUE">String</attrtype><attwidth Sync="TRUE">10</attwidth><atprecis Sync="TRUE">0</atprecis><attscale Sync="TRUE">0</attscale></attr><attr><attrlabl Sync="TRUE">Fecha_Actu</attrlabl><attalias Sync="TRUE">Fecha_Actu</attalias><attrtype Sync="TRUE">Date</attrtype><attwidth Sync="TRUE">8</attwidth><atprecis Sync="TRUE">0</atprecis><attscale Sync="TRUE">0</attscale></attr><attr><attrlabl Sync="TRUE">Latitud</attrlabl><attalias Sync="TRUE">Latitud</attalias><attrtype Sync="TRUE">Double</attrtype><attwidth Sync="TRUE">19</attwidth><atprecis Sync="TRUE">18</atprecis><attscale Sync="TRUE">8</attscale></attr><attr><attrlabl Sync="TRUE">Longitud</attrlabl><attalias Sync="TRUE">Longitud</attalias><attrtype Sync="TRUE">Double</attrtype><attwidth Sync="TRUE">19</attwidth><atprecis Sync="TRUE">18</atprecis><attscale Sync="TRUE">8</attscale></attr><attr><attrlabl Sync="TRUE">Cod_sist_e</attrlabl><attalias Sync="TRUE">Cod_sist_e</attalias><attrtype Sync="TRUE">String</attrtype><attwidth Sync="TRUE">5</attwidth><atprecis Sync="TRUE">0</atprecis><attscale Sync="TRUE">0</attscale></attr><attr><attrlabl Sync="TRUE">Codigo_Sca</attrlabl><attalias Sync="TRUE">Codigo_Sca</attalias><attrtype Sync="TRUE">String</attrtype><attwidth Sync="TRUE">20</attwidth><atprecis Sync="TRUE">0</atprecis><attscale Sync="TRUE">0</attscale></attr><attr><attrlabl Sync="TRUE">Cod_uso_su</attrlabl><attalias Sync="TRUE">Cod_uso_su</attalias><attrtype Sync="TRUE">String</attrtype><attwidth Sync="TRUE">2</attwidth><atprecis Sync="TRUE">0</atprecis><attscale Sync="TRUE">0</attscale></attr></detailed></eainfo><mdDateSt Sync="TRUE">20250227</mdDateSt></metadata>
