<?xml version="1.0" encoding="UTF-8"?>
<metadata xml:lang="es"><Esri><CreaDate>20230310</CreaDate><CreaTime>11324300</CreaTime><ArcGISFormat>1.0</ArcGISFormat><ArcGISstyle>North American Profile of ISO19115 2003</ArcGISstyle><SyncOnce>FALSE</SyncOnce><DataProperties><lineage><Process ToolSource="c:\program files (x86)\arcgis\desktop10.4\ArcToolbox\Toolboxes\Data Management Tools.tbx\Project" Date="20180219" Time="171841">Project D:\shp\valo_l.shp "D:\Contenedor\Users\mbernate\Desktop\Museo Bogotá\Datos\Museo_Bogota_Fecha.gdb\Capas\valo_l" PROJCS['WGS_1984_Web_Mercator_Auxiliary_Sphere',GEOGCS['GCS_WGS_1984',DATUM['D_WGS_1984',SPHEROID['WGS_1984',6378137.0,298.257223563]],PRIMEM['Greenwich',0.0],UNIT['Degree',0.0174532925199433]],PROJECTION['Mercator_Auxiliary_Sphere'],PARAMETER['False_Easting',0.0],PARAMETER['False_Northing',0.0],PARAMETER['Central_Meridian',0.0],PARAMETER['Standard_Parallel_1',0.0],PARAMETER['Auxiliary_Sphere_Type',0.0],UNIT['Meter',1.0]] # GEOGCS['MAGNA-SIRGAS',DATUM['Marco_Geocentrico_Nacional_de_Referencia',SPHEROID['GRS 1980',6378137.0,298.257222101]],PRIMEM['Greenwich',0.0],UNIT['degree',0.0174532925199433]] NO_PRESERVE_SHAPE # NO_VERTICAL</Process><Process ToolSource="c:\program files (x86)\arcgis\desktop10.4\ArcToolbox\Toolboxes\Data Management Tools.tbx\CalculateField" Date="20180220" Time="150059">CalculateField "Valor de Referencia" V_Ref [vref] VB #</Process><Process Name="Convert Time Field" ToolSource="c:\program files (x86)\arcgis\desktop10.4\ArcToolbox\Toolboxes\Data Management Tools.tbx\ConvertTimeField" Date="20180222" Time="112544">ConvertTimeField D:\dagonzalez\08_BDG\capas\Aplicaciones\21-02-2018_Datos_BE_2018\Museo_Bogota.gdb\Capas\Valor_Ref_M anio yyyy;9226;; AÑO DATE 'Not Used'</Process><Process Name="Delete Field" ToolSource="c:\program files (x86)\arcgis\desktop10.4\ArcToolbox\Toolboxes\Data Management Tools.tbx\DeleteField" Date="20180222" Time="112555">DeleteField D:\dagonzalez\08_BDG\capas\Aplicaciones\21-02-2018_Datos_BE_2018\Museo_Bogota.gdb\Capas\Valor_Ref_M anio</Process><Process ToolSource="c:\program files (x86)\arcgis\desktop10.4\ArcToolbox\Toolboxes\Data Management Tools.tbx\CopyFeatures" Date="20180228" Time="220057">CopyFeatures C:\Users\catastro\Documents\IDECA\Museo_Bogota.gdb\Capas_1\Valor_Ref_M C:\Users\catastro\Documents\conexion\AZURE@ORDENAMIENTOTERRITORIAL.sde\ORDENAMIENTOTERRITORIAL.Catastro\ORDENAMIENTOTERRITORIAL.Valor_Ref_M # 0 0 0</Process><Process Name="Append" ToolSource="c:\program files (x86)\arcgis\desktop10.5\ArcToolbox\Toolboxes\Data Management Tools.tbx\Append" Date="20181211" Time="210314">Append C:\Users\catastro\Documents\IDECA\datos.gdb\Valor_Ref_M C:\Users\catastro\Documents\conexion\AZURE@ORDENAMIENTOTERRITORIAL.sde\ORDENAMIENTOTERRITORIAL.Catastro\ORDENAMIENTOTERRITORIAL.Valor_Ref_M TEST # #</Process><Process ToolSource="c:\program files (x86)\arcgis\desktop10.5\ArcToolbox\Toolboxes\Data Management Tools.tbx\CopyFeatures" Date="20200722" Time="160017">CopyFeatures "Database Connections\MBERNATE_Prod.sde\ORDENAMIENTOTERRITORIAL.Catastro\ORDENAMIENTOTERRITORIAL.Valor_Ref_M" "D:\Contenedor\Users\mbernate\Desktop\Actualizacion BE\ORDENAMIENTO_TERRITORIAL.gdb\Catastro\Valor_Ref_M" # 0 0 0</Process><Process ToolSource="c:\program files (x86)\arcgis\desktop10.5\ArcToolbox\Toolboxes\Data Management Tools.tbx\CalculateField" Date="20200723" Time="142049">CalculateField Valor_Ref_M ANO [AÑO] VB #</Process><Process ToolSource="c:\program files (x86)\arcgis\desktop10.5\ArcToolbox\Toolboxes\Data Management Tools.tbx\CopyFeatures" Date="20200729" Time="182113">CopyFeatures "D:\Contenedor\Users\mbernate\Desktop\Nueva carpeta\Aplicaciones\Bogotá Evoluciona\Actualización\Datos\ORDENAMIENTO_TERRITORIAL.gdb\Catastro\Valor_Ref_M" "Database Connections\OrdenamientoTerritorial@Pruebas.sde\ORDENAMIENTOTERRITORIAL.BogotaEvoluciona\ORDENAMIENTOTERRITORIAL.Valor_Ref_M" # 0 0 0</Process><Process ToolSource="c:\program files (x86)\arcgis\desktop10.5\ArcToolbox\Toolboxes\Data Management Tools.tbx\Append" Date="20220331" Time="135128">Append D:\Contenedor\Users\mbernate\Desktop\20220331_Catastro.gdb\Catastro\Valor_Ref_2022 "Database Connections\Pruebas\Pruebas-OrdenamientoTerritorial@Pruebas.sde\ORDENAMIENTOTERRITORIAL.BogotaEvoluciona\ORDENAMIENTOTERRITORIAL.Valor_Ref_M" NO_TEST "MANCODIGO "Identificador único de la manzana" true true false 254 Text 0 0 ,First,#,D:\Contenedor\Users\mbernate\Desktop\20220331_Catastro.gdb\Catastro\Valor_Ref_2022,MANCODIGO,-1,-1;V_REF "Valor de referencia" true true false 8 Double 8 38 ,First,#,D:\Contenedor\Users\mbernate\Desktop\20220331_Catastro.gdb\Catastro\Valor_Ref_2022,V_REF,-1,-1;ANO "Año" true true false 8 Date 0 0 ,First,#,D:\Contenedor\Users\mbernate\Desktop\20220331_Catastro.gdb\Catastro\Valor_Ref_2022,ANO,-1,-1;SHAPE.AREA "SHAPE.AREA" false false true 0 Double 0 0 ,First,#;SHAPE.LEN "SHAPE.LEN" false false true 0 Double 0 0 ,First,#" #</Process><Process ToolSource="c:\program files (x86)\arcgis\desktop10.5\ArcToolbox\Toolboxes\Data Management Tools.tbx\Append" Date="20220331" Time="141824">Append 'Database Connections\Local\Local-OrdenamientoTerritorial@MapasPro.sde\ORDENAMIENTOTERRITORIAL.BogotaEvoluciona\ORDENAMIENTOTERRITORIAL.Valor_Ref_M' "Database Connections\Pruebas\Pruebas-OrdenamientoTerritorial@Pruebas.sde\ORDENAMIENTOTERRITORIAL.BogotaEvoluciona\ORDENAMIENTOTERRITORIAL.Valor_Ref_M" NO_TEST "MANCODIGO "Identificador único de la manzana" true true false 254 Text 0 0 ,First,#,Database Connections\Local\Local-OrdenamientoTerritorial@MapasPro.sde\ORDENAMIENTOTERRITORIAL.BogotaEvoluciona\ORDENAMIENTOTERRITORIAL.Valor_Ref_M,MANCODIGO,-1,-1;V_REF "Valor de referencia" true true false 8 Double 8 38 ,First,#,Database Connections\Local\Local-OrdenamientoTerritorial@MapasPro.sde\ORDENAMIENTOTERRITORIAL.BogotaEvoluciona\ORDENAMIENTOTERRITORIAL.Valor_Ref_M,V_REF,-1,-1;ANO "Año" true true false 8 Date 0 0 ,First,#,Database Connections\Local\Local-OrdenamientoTerritorial@MapasPro.sde\ORDENAMIENTOTERRITORIAL.BogotaEvoluciona\ORDENAMIENTOTERRITORIAL.Valor_Ref_M,ANO,-1,-1;SHAPE.AREA "SHAPE.AREA" false false true 0 Double 0 0 ,First,#,Database Connections\Local\Local-OrdenamientoTerritorial@MapasPro.sde\ORDENAMIENTOTERRITORIAL.BogotaEvoluciona\ORDENAMIENTOTERRITORIAL.Valor_Ref_M,SHAPE.AREA,-1,-1;SHAPE.LEN "SHAPE.LEN" false false true 0 Double 0 0 ,First,#,Database Connections\Local\Local-OrdenamientoTerritorial@MapasPro.sde\ORDENAMIENTOTERRITORIAL.BogotaEvoluciona\ORDENAMIENTOTERRITORIAL.Valor_Ref_M,SHAPE.LEN,-1,-1" #</Process><Process ToolSource="c:\program files (x86)\arcgis\desktop10.5\ArcToolbox\Toolboxes\Data Management Tools.tbx\Append" Date="20220331" Time="143805">Append D:\Contenedor\Users\mbernate\Desktop\20220331_Catastro.gdb\Catastro\Valor_Ref_2021 "Database Connections\Pruebas\Pruebas-OrdenamientoTerritorial@Pruebas.sde\ORDENAMIENTOTERRITORIAL.BogotaEvoluciona\ORDENAMIENTOTERRITORIAL.Valor_Ref_M" NO_TEST "MANCODIGO "Identificador único de la manzana" true true false 254 Text 0 0 ,First,#,D:\Contenedor\Users\mbernate\Desktop\20220331_Catastro.gdb\Catastro\Valor_Ref_2021,MANCODIGO,-1,-1;V_REF "Valor de referencia" true true false 8 Double 8 38 ,First,#,D:\Contenedor\Users\mbernate\Desktop\20220331_Catastro.gdb\Catastro\Valor_Ref_2021,V_REF,-1,-1;ANO "Año" true true false 8 Date 0 0 ,First,#,D:\Contenedor\Users\mbernate\Desktop\20220331_Catastro.gdb\Catastro\Valor_Ref_2021,ANO,-1,-1;SHAPE.AREA "SHAPE.AREA" false false true 0 Double 0 0 ,First,#;SHAPE.LEN "SHAPE.LEN" false false true 0 Double 0 0 ,First,#" #</Process><Process ToolSource="c:\program files (x86)\arcgis\desktop10.5\ArcToolbox\Toolboxes\Data Management Tools.tbx\Append" Date="20220928" Time="175728">Append D:\Contenedor_old\lgalvis\Documents\lgalvis\Datos\OTC_IDECA\otc.gdb\Valor_Ref_M "Database Connections\Pruebas-OrdenamientoTerritorial@Pruebas.sde\ORDENAMIENTOTERRITORIAL.BogotaEvoluciona\ORDENAMIENTOTERRITORIAL.Valor_Ref_M" NO_TEST "MANCODIGO "Identificador único de la manzana" true true false 254 Text 0 0 ,First,#,D:\Contenedor_old\lgalvis\Documents\lgalvis\Datos\OTC_IDECA\otc.gdb\Valor_Ref_M,MANCODIGO,-1,-1;V_REF "Valor de referencia" true true false 8 Double 8 38 ,First,#,D:\Contenedor_old\lgalvis\Documents\lgalvis\Datos\OTC_IDECA\otc.gdb\Valor_Ref_M,V_REF,-1,-1;ANO "Año" true true false 8 Date 0 0 ,First,#,D:\Contenedor_old\lgalvis\Documents\lgalvis\Datos\OTC_IDECA\otc.gdb\Valor_Ref_M,ANO,-1,-1;SHAPE.AREA "SHAPE.AREA" false false true 0 Double 0 0 ,First,#;SHAPE.LEN "SHAPE.LEN" false false true 0 Double 0 0 ,First,#" #</Process></lineage><itemProps><itemLocation><linkage Sync="TRUE">file://\\IDECA10400532\D$\Contenedor_old\lgalvis\Documents\lgalvis\Datos\OTC_IDECA\2023\OTC2023.gdb</linkage><protocol Sync="TRUE">Local Area Network</protocol></itemLocation><itemName Sync="TRUE">ORDENAMIENTOTERRITORIAL.Valor_Ref_M</itemName><imsContentType Sync="TRUE">002</imsContentType></itemProps><coordRef><type Sync="TRUE">Geographic</type><geogcsn Sync="TRUE">GCS_WGS_1984</geogcsn><csUnits Sync="TRUE">Angular Unit: Degree (0.017453)</csUnits><peXml Sync="TRUE">&lt;GeographicCoordinateSystem xsi:type='typens:GeographicCoordinateSystem' xmlns:xsi='http://www.w3.org/2001/XMLSchema-instance' xmlns:xs='http://www.w3.org/2001/XMLSchema' xmlns:typens='http://www.esri.com/schemas/ArcGIS/10.5'&gt;&lt;WKT&gt;GEOGCS[&amp;quot;GCS_WGS_1984&amp;quot;,DATUM[&amp;quot;D_WGS_1984&amp;quot;,SPHEROID[&amp;quot;WGS_1984&amp;quot;,6378137.0,298.257223563]],PRIMEM[&amp;quot;Greenwich&amp;quot;,0.0],UNIT[&amp;quot;Degree&amp;quot;,0.0174532925199433],AUTHORITY[&amp;quot;EPSG&amp;quot;,4326]]&lt;/WKT&gt;&lt;XOrigin&gt;-400&lt;/XOrigin&gt;&lt;YOrigin&gt;-400&lt;/YOrigin&gt;&lt;XYScale&gt;999999999.99999988&lt;/XYScale&gt;&lt;ZOrigin&gt;0&lt;/ZOrigin&gt;&lt;ZScale&gt;1&lt;/ZScale&gt;&lt;MOrigin&gt;0&lt;/MOrigin&gt;&lt;MScale&gt;1&lt;/MScale&gt;&lt;XYTolerance&gt;8.98315284119521e-009&lt;/XYTolerance&gt;&lt;ZTolerance&gt;0.001&lt;/ZTolerance&gt;&lt;MTolerance&gt;0.001&lt;/MTolerance&gt;&lt;HighPrecision&gt;true&lt;/HighPrecision&gt;&lt;LeftLongitude&gt;-180&lt;/LeftLongitude&gt;&lt;WKID&gt;4326&lt;/WKID&gt;&lt;LatestWKID&gt;4326&lt;/LatestWKID&gt;&lt;/GeographicCoordinateSystem&gt;</peXml></coordRef></DataProperties><SyncDate>20200729</SyncDate><SyncTime>18081600</SyncTime><ModDate>20200729</ModDate><ModTime>18081600</ModTime></Esri><dataIdInfo><envirDesc Sync="TRUE"> Version 6.2 (Build 9200) ; Esri ArcGIS 10.5.1.7333</envirDesc><dataLang><languageCode value="spa" Sync="TRUE"></languageCode><countryCode value="COL" Sync="TRUE"></countryCode></dataLang><idCitation><resTitle Sync="TRUE">ORDENAMIENTOTERRITORIAL.Valor_Ref_M</resTitle><presForm><PresFormCd value="005" Sync="TRUE"></PresFormCd></presForm></idCitation><spatRpType><SpatRepTypCd value="001" Sync="TRUE"></SpatRepTypCd></spatRpType></dataIdInfo><mdLang><languageCode value="spa" Sync="TRUE"></languageCode><countryCode value="COL" Sync="TRUE"></countryCode></mdLang><distInfo><distFormat><formatName Sync="TRUE">SDE Feature Class</formatName></distFormat></distInfo><mdHrLv><ScopeCd value="005" Sync="TRUE"></ScopeCd></mdHrLv><mdHrLvName Sync="TRUE">dataset</mdHrLvName><refSysInfo><RefSystem><refSysID><identCode code="4326" Sync="TRUE"></identCode><idCodeSpace Sync="TRUE">EPSG</idCodeSpace><idVersion Sync="TRUE">6.14(3.0.1)</idVersion></refSysID></RefSystem></refSysInfo><spatRepInfo><VectSpatRep><geometObjs Name="ORDENAMIENTOTERRITORIAL.Valor_Ref_M"><geoObjTyp><GeoObjTypCd value="002" Sync="TRUE"></GeoObjTypCd></geoObjTyp><geoObjCnt Sync="TRUE">0</geoObjCnt></geometObjs><topLvl><TopoLevCd value="001" Sync="TRUE"></TopoLevCd></topLvl></VectSpatRep></spatRepInfo><spdoinfo><ptvctinf><esriterm Name="ORDENAMIENTOTERRITORIAL.Valor_Ref_M"><efeatyp Sync="TRUE">Simple</efeatyp><efeageom code="4" Sync="TRUE"></efeageom><esritopo Sync="TRUE">FALSE</esritopo><efeacnt Sync="TRUE">0</efeacnt><spindex Sync="TRUE">TRUE</spindex><linrefer Sync="TRUE">FALSE</linrefer></esriterm></ptvctinf></spdoinfo><eainfo><detailed Name="ORDENAMIENTOTERRITORIAL.Valor_Ref_M"><enttyp><enttypl Sync="TRUE">ORDENAMIENTOTERRITORIAL.Valor_Ref_M</enttypl><enttypt Sync="TRUE">Feature Class</enttypt><enttypc Sync="TRUE">0</enttypc></enttyp><attr><attrlabl Sync="TRUE">OBJECTID</attrlabl><attalias Sync="TRUE">OBJECTID</attalias><attrtype Sync="TRUE">OID</attrtype><attwidth Sync="TRUE">4</attwidth><atprecis Sync="TRUE">10</atprecis><attscale Sync="TRUE">0</attscale><attrdef Sync="TRUE">Internal feature number.</attrdef><attrdefs Sync="TRUE">Esri</attrdefs><attrdomv><udom Sync="TRUE">Sequential unique whole numbers that are automatically generated.</udom></attrdomv></attr><attr><attrlabl Sync="TRUE">MANCODIGO</attrlabl><attalias Sync="TRUE">Identificador único de la manzana</attalias><attrtype Sync="TRUE">String</attrtype><attwidth Sync="TRUE">254</attwidth><atprecis Sync="TRUE">0</atprecis><attscale Sync="TRUE">0</attscale></attr><attr><attrlabl Sync="TRUE">V_REF</attrlabl><attalias Sync="TRUE">Valor de referencia</attalias><attrtype Sync="TRUE">Double</attrtype><attwidth Sync="TRUE">8</attwidth><atprecis Sync="TRUE">38</atprecis><attscale Sync="TRUE">8</attscale></attr><attr><attrlabl Sync="TRUE">ANO</attrlabl><attalias Sync="TRUE">Año</attalias><attrtype Sync="TRUE">Date</attrtype><attwidth Sync="TRUE">8</attwidth><atprecis Sync="TRUE">0</atprecis><attscale Sync="TRUE">0</attscale></attr><attr><attrlabl Sync="TRUE">SHAPE</attrlabl><attalias Sync="TRUE">SHAPE</attalias><attrtype Sync="TRUE">Geometry</attrtype><attwidth Sync="TRUE">4</attwidth><atprecis Sync="TRUE">0</atprecis><attscale Sync="TRUE">0</attscale><attrdef Sync="TRUE">Feature geometry.</attrdef><attrdefs Sync="TRUE">Esri</attrdefs><attrdomv><udom Sync="TRUE">Coordinates defining the features.</udom></attrdomv></attr><attr><attrlabl Sync="TRUE">SHAPE.AREA</attrlabl><attalias Sync="TRUE">SHAPE.AREA</attalias><attrtype Sync="TRUE">Double</attrtype><attwidth Sync="TRUE">0</attwidth><atprecis Sync="TRUE">0</atprecis><attscale Sync="TRUE">0</attscale></attr><attr><attrlabl Sync="TRUE">SHAPE.LEN</attrlabl><attalias Sync="TRUE">SHAPE.LEN</attalias><attrtype Sync="TRUE">Double</attrtype><attwidth Sync="TRUE">0</attwidth><atprecis Sync="TRUE">0</atprecis><attscale Sync="TRUE">0</attscale></attr></detailed></eainfo><mdDateSt Sync="TRUE">20200729</mdDateSt></metadata>
