<metadata xml:lang="es"><Esri><CreaDate>20170421</CreaDate><CreaTime>11082000</CreaTime><ArcGISFormat>1.0</ArcGISFormat><SyncOnce>FALSE</SyncOnce><DataProperties><itemProps><itemName Sync="TRUE">EstacionPolicia</itemName><imsContentType Sync="TRUE">002</imsContentType><itemLocation><linkage Sync="TRUE">file://\\SRV-03-13-055\Geoprocesos\Queryslayersfiles\EquimientosPrimerSemestre2025\EstacionPolicia\SHP\EstacionPolicia.shp</linkage><protocol Sync="TRUE">Local Area Network</protocol></itemLocation><itemSize Sync="TRUE">0.000</itemSize></itemProps><coordRef><type Sync="TRUE">Geographic</type><geogcsn Sync="TRUE">GCS_MAGNA</geogcsn><csUnits Sync="TRUE">Angular Unit: Degree (0.017453)</csUnits><peXml Sync="TRUE">&lt;GeographicCoordinateSystem xsi:type='typens:GeographicCoordinateSystem' xmlns:xsi='http://www.w3.org/2001/XMLSchema-instance' xmlns:xs='http://www.w3.org/2001/XMLSchema' xmlns:typens='http://www.esri.com/schemas/ArcGIS/10.8'&gt;&lt;WKT&gt;GEOGCS[&amp;quot;GCS_MAGNA&amp;quot;,DATUM[&amp;quot;D_MAGNA&amp;quot;,SPHEROID[&amp;quot;GRS_1980&amp;quot;,6378137.0,298.257222101]],PRIMEM[&amp;quot;Greenwich&amp;quot;,0.0],UNIT[&amp;quot;Degree&amp;quot;,0.0174532925199433],AUTHORITY[&amp;quot;EPSG&amp;quot;,4686]]&lt;/WKT&gt;&lt;XOrigin&gt;-400&lt;/XOrigin&gt;&lt;YOrigin&gt;-400&lt;/YOrigin&gt;&lt;XYScale&gt;11258999068426.238&lt;/XYScale&gt;&lt;ZOrigin&gt;-100000&lt;/ZOrigin&gt;&lt;ZScale&gt;10000&lt;/ZScale&gt;&lt;MOrigin&gt;-100000&lt;/MOrigin&gt;&lt;MScale&gt;10000&lt;/MScale&gt;&lt;XYTolerance&gt;8.983152841195215e-09&lt;/XYTolerance&gt;&lt;ZTolerance&gt;0.001&lt;/ZTolerance&gt;&lt;MTolerance&gt;0.001&lt;/MTolerance&gt;&lt;HighPrecision&gt;true&lt;/HighPrecision&gt;&lt;LeftLongitude&gt;-180&lt;/LeftLongitude&gt;&lt;WKID&gt;4686&lt;/WKID&gt;&lt;LatestWKID&gt;4686&lt;/LatestWKID&gt;&lt;/GeographicCoordinateSystem&gt;</peXml></coordRef><lineage><Process ToolSource="c:\program files (x86)\arcgis\desktop10.4\ArcToolbox\Toolboxes\Data Management Tools.tbx\CalculateField" Date="20170119" Time="113845">CalculateField "Equipamientos para la prevención y resolución pacífica de conflictos\Equipamientos de convivencia\Casa de Justicia\Casa de Justicia" CJuLatitud [CY] VB #</Process><Process ToolSource="c:\program files (x86)\arcgis\desktop10.4\ArcToolbox\Toolboxes\Data Management Tools.tbx\CalculateField" Date="20170119" Time="113859">CalculateField "Equipamientos para la prevención y resolución pacífica de conflictos\Equipamientos de convivencia\Casa de Justicia\Casa de Justicia" CJuLongitu [CX] VB #</Process><Process ToolSource="c:\program files (x86)\arcgis\desktop10.4\ArcToolbox\Toolboxes\Data Management Tools.tbx\CalculateField" Date="20170119" Time="114355">CalculateField "Equipamientos para la prevención y resolución pacífica de conflictos\Equipamientos de convivencia\Casa de Justicia\Casa de Justicia" cod_sitio "" VB #</Process><Process ToolSource="c:\program files (x86)\arcgis\desktop10.4\ArcToolbox\Toolboxes\Data Management Tools.tbx\CalculateField" Date="20170120" Time="151859">CalculateField "Capas_Equipamiento_Justicia\Casa de Justicia" LOCALIDAD "Los Martires" VB #</Process><Process ToolSource="c:\program files (x86)\arcgis\desktop10.4\ArcToolbox\Toolboxes\Data Management Tools.tbx\CalculateField" Date="20170123" Time="103812">CalculateField CJus_merge_SAUs DIRECCION [UFINOMBRE] VB #</Process><Process ToolSource="c:\program files (x86)\arcgis\desktop10.4\ArcToolbox\Toolboxes\Data Management Tools.tbx\CalculateField" Date="20170123" Time="103823">CalculateField CJus_merge_SAUs descrip [UFINOMBRE] VB #</Process><Process ToolSource="c:\program files (x86)\arcgis\desktop10.4\ArcToolbox\Toolboxes\Data Management Tools.tbx\CalculateField" Date="20170123" Time="103833">CalculateField CJus_merge_SAUs DIRECCION [UFIDIRECCI] VB #</Process><Process ToolSource="c:\program files (x86)\arcgis\desktop10.4\ArcToolbox\Toolboxes\Data Management Tools.tbx\CalculateField" Date="20170123" Time="103855">CalculateField CJus_merge_SAUs CJuHorario [UFITATENCI] VB #</Process><Process ToolSource="c:\program files (x86)\arcgis\desktop10.4\ArcToolbox\Toolboxes\Data Management Tools.tbx\CalculateField" Date="20170123" Time="103906">CalculateField CJus_merge_SAUs CJuTelefon [UFITELEFON] VB #</Process><Process ToolSource="c:\program files (x86)\arcgis\desktop10.4\ArcToolbox\Toolboxes\Data Management Tools.tbx\CalculateField" Date="20170123" Time="103941">CalculateField CJus_merge_SAUs CJuServicio [UFITATENCI] VB #</Process><Process ToolSource="c:\program files (x86)\arcgis\desktop10.4\ArcToolbox\Toolboxes\Data Management Tools.tbx\CalculateField" Date="20170123" Time="103948">CalculateField CJus_merge_SAUs CJuHorario "" VB #</Process><Process ToolSource="c:\program files (x86)\arcgis\desktop10.4\ArcToolbox\Toolboxes\Data Management Tools.tbx\CalculateField" Date="20170123" Time="104622">CalculateField CJus_SAUs_merge_CAVi DIRECCION [Dirección] VB #</Process><Process ToolSource="c:\program files (x86)\arcgis\desktop10.4\ArcToolbox\Toolboxes\Data Management Tools.tbx\CalculateField" Date="20170123" Time="104636">CalculateField CJus_SAUs_merge_CAVi descrip [Nombre] VB #</Process><Process ToolSource="c:\program files (x86)\arcgis\desktop10.4\ArcToolbox\Toolboxes\Data Management Tools.tbx\CalculateField" Date="20170123" Time="110207">CalculateField CJus_SAUs_merge_CAVi CJuNombre [Nombre] VB #</Process><Process ToolSource="c:\program files (x86)\arcgis\desktop10.4\ArcToolbox\Toolboxes\Data Management Tools.tbx\CalculateField" Date="20170123" Time="110240">CalculateField CJus_SAUs_merge_CAVi CJuNombre [descrip] VB #</Process><Process ToolSource="c:\program files (x86)\arcgis\desktop10.4\ArcToolbox\Toolboxes\Data Management Tools.tbx\CalculateField" Date="20170123" Time="111001">CalculateField CJus_SAUs_CAVi_merge_UFis DIRECCION [UFIDIRECCI] VB #</Process><Process ToolSource="c:\program files (x86)\arcgis\desktop10.4\ArcToolbox\Toolboxes\Data Management Tools.tbx\CalculateField" Date="20170123" Time="111016">CalculateField CJus_SAUs_CAVi_merge_UFis descrip [UFINOMBRE] VB #</Process><Process ToolSource="c:\program files (x86)\arcgis\desktop10.4\ArcToolbox\Toolboxes\Data Management Tools.tbx\CalculateField" Date="20170123" Time="111108">CalculateField CJus_SAUs_CAVi_merge_UFis CJuNombre [UFINOMBRE] VB #</Process><Process ToolSource="c:\program files (x86)\arcgis\desktop10.4\ArcToolbox\Toolboxes\Data Management Tools.tbx\CalculateField" Date="20170123" Time="111135">CalculateField CJus_SAUs_CAVi_merge_UFis CJuTelefon [UFITELEFON] VB #</Process><Process ToolSource="c:\program files (x86)\arcgis\desktop10.4\ArcToolbox\Toolboxes\Data Management Tools.tbx\CalculateField" Date="20170123" Time="111207">CalculateField CJus_SAUs_CAVi_merge_UFis CJuServicio [UFITATENCI] VB #</Process><Process ToolSource="c:\program files (x86)\arcgis\desktop10.4\ArcToolbox\Toolboxes\Data Management Tools.tbx\CalculateField" Date="20170123" Time="143629">CalculateField "Equipamientos para la prevención y resolución pacífica de conflictos\Equipamientos de convivencia\Casa de Justicia\CJus_SAUs_CAVi_UFis_merge_CFam" DIRECCION [CFADIRECCI] VB #</Process><Process ToolSource="c:\program files (x86)\arcgis\desktop10.4\ArcToolbox\Toolboxes\Data Management Tools.tbx\CalculateField" Date="20170123" Time="143646">CalculateField "Equipamientos para la prevención y resolución pacífica de conflictos\Equipamientos de convivencia\Casa de Justicia\CJus_SAUs_CAVi_UFis_merge_CFam" descrip [CFABARRIO] VB #</Process><Process ToolSource="c:\program files (x86)\arcgis\desktop10.4\ArcToolbox\Toolboxes\Data Management Tools.tbx\CalculateField" Date="20170123" Time="143703">CalculateField "Equipamientos para la prevención y resolución pacífica de conflictos\Equipamientos de convivencia\Casa de Justicia\CJus_SAUs_CAVi_UFis_merge_CFam" descrip "" VB #</Process><Process ToolSource="c:\program files (x86)\arcgis\desktop10.4\ArcToolbox\Toolboxes\Data Management Tools.tbx\CalculateField" Date="20170123" Time="143713">CalculateField "Equipamientos para la prevención y resolución pacífica de conflictos\Equipamientos de convivencia\Casa de Justicia\CJus_SAUs_CAVi_UFis_merge_CFam" BARRIO [CFABARRIO] VB #</Process><Process ToolSource="c:\program files (x86)\arcgis\desktop10.4\ArcToolbox\Toolboxes\Data Management Tools.tbx\CalculateField" Date="20170123" Time="143748">CalculateField "Equipamientos para la prevención y resolución pacífica de conflictos\Equipamientos de convivencia\Casa de Justicia\CJus_SAUs_CAVi_UFis_merge_CFam" CJuNombre ""Comisaría de Familia barrio " &amp; [CFABARRIO]" VB #</Process><Process ToolSource="c:\program files (x86)\arcgis\desktop10.4\ArcToolbox\Toolboxes\Data Management Tools.tbx\CalculateField" Date="20170123" Time="145623">CalculateField "Equipamientos para la prevención y resolución pacífica de conflictos\Equipamientos de convivencia\CJus_SAUs_CAVi_UFis_CFam_merge_UMCo" DIRECCION [UMCDIRECCI] VB #</Process><Process ToolSource="c:\program files (x86)\arcgis\desktop10.4\ArcToolbox\Toolboxes\Data Management Tools.tbx\CalculateField" Date="20170123" Time="145637">CalculateField "Equipamientos para la prevención y resolución pacífica de conflictos\Equipamientos de convivencia\CJus_SAUs_CAVi_UFis_CFam_merge_UMCo" descrip [UMCNOMBRE] VB #</Process><Process ToolSource="c:\program files (x86)\arcgis\desktop10.4\ArcToolbox\Toolboxes\Data Management Tools.tbx\CalculateField" Date="20170123" Time="145717">CalculateField "Equipamientos para la prevención y resolución pacífica de conflictos\Equipamientos de convivencia\CJus_SAUs_CAVi_UFis_CFam_merge_UMCo" CJuNombre [UMCNOMBRE] VB #</Process><Process ToolSource="c:\program files (x86)\arcgis\desktop10.4\ArcToolbox\Toolboxes\Data Management Tools.tbx\CalculateField" Date="20170123" Time="145748">CalculateField "Equipamientos para la prevención y resolución pacífica de conflictos\Equipamientos de convivencia\CJus_SAUs_CAVi_UFis_CFam_merge_UMCo" CJuContact [UMCNOMBRE] VB #</Process><Process ToolSource="c:\program files (x86)\arcgis\desktop10.4\ArcToolbox\Toolboxes\Data Management Tools.tbx\CalculateField" Date="20170123" Time="145759">CalculateField "Equipamientos para la prevención y resolución pacífica de conflictos\Equipamientos de convivencia\CJus_SAUs_CAVi_UFis_CFam_merge_UMCo" CJuContact [UMCCONTACT] VB #</Process><Process ToolSource="c:\program files (x86)\arcgis\desktop10.4\ArcToolbox\Toolboxes\Data Management Tools.tbx\CalculateField" Date="20170123" Time="145825">CalculateField "Equipamientos para la prevención y resolución pacífica de conflictos\Equipamientos de convivencia\CJus_SAUs_CAVi_UFis_CFam_merge_UMCo" CJuTelefon [UMCTELEFON] VB #</Process><Process ToolSource="c:\program files (x86)\arcgis\desktop10.4\ArcToolbox\Toolboxes\Data Management Tools.tbx\CalculateField" Date="20170123" Time="150559">CalculateField "Equipamientos para la prevención y resolución pacífica de conflictos\Equipamientos de convivencia\Casa de Justicia\CJus_SAUs_CAVi_UFis_CFam_UMCo_IPol" DIRECCION [IPODIRECCI] VB #</Process><Process ToolSource="c:\program files (x86)\arcgis\desktop10.4\ArcToolbox\Toolboxes\Data Management Tools.tbx\CalculateField" Date="20170123" Time="150610">CalculateField "Equipamientos para la prevención y resolución pacífica de conflictos\Equipamientos de convivencia\Casa de Justicia\CJus_SAUs_CAVi_UFis_CFam_UMCo_IPol" descrip [IPONOMBRE] VB #</Process><Process ToolSource="c:\program files (x86)\arcgis\desktop10.4\ArcToolbox\Toolboxes\Data Management Tools.tbx\CalculateField" Date="20170123" Time="150622">CalculateField "Equipamientos para la prevención y resolución pacífica de conflictos\Equipamientos de convivencia\Casa de Justicia\CJus_SAUs_CAVi_UFis_CFam_UMCo_IPol" CJuTelefon [IPOTELEFON] VB #</Process><Process ToolSource="c:\program files (x86)\arcgis\desktop10.4\ArcToolbox\Toolboxes\Data Management Tools.tbx\CalculateField" Date="20170123" Time="150646">CalculateField "Equipamientos para la prevención y resolución pacífica de conflictos\Equipamientos de convivencia\Casa de Justicia\CJus_SAUs_CAVi_UFis_CFam_UMCo_IPol" CJuContact [IPOTELEFON] VB #</Process><Process ToolSource="c:\program files (x86)\arcgis\desktop10.4\ArcToolbox\Toolboxes\Data Management Tools.tbx\CalculateField" Date="20170123" Time="150709">CalculateField "Equipamientos para la prevención y resolución pacífica de conflictos\Equipamientos de convivencia\Casa de Justicia\CJus_SAUs_CAVi_UFis_CFam_UMCo_IPol" CJuContact [IPOCONTACT] VB #</Process><Process ToolSource="c:\program files (x86)\arcgis\desktop10.4\ArcToolbox\Toolboxes\Data Management Tools.tbx\CalculateField" Date="20170123" Time="150721">CalculateField "Equipamientos para la prevención y resolución pacífica de conflictos\Equipamientos de convivencia\Casa de Justicia\CJus_SAUs_CAVi_UFis_CFam_UMCo_IPol" CJuNombre [IPONOMBRE] VB #</Process><Process ToolSource="c:\program files (x86)\arcgis\desktop10.4\ArcToolbox\Toolboxes\Data Management Tools.tbx\CalculateField" Date="20170123" Time="151124">CalculateField "Equipamientos para la prevención y resolución pacífica de conflictos\Equipamientos de convivencia\Casa de Justicia\CJus_SAUs_CAVi_UFis_CFam_UMCo_IPol" descrip [CJuNombre] VB #</Process><Process ToolSource="c:\program files (x86)\arcgis\desktop10.4\ArcToolbox\Toolboxes\Data Management Tools.tbx\CalculateField" Date="20170123" Time="164047">CalculateField "Equipamientos para la prevención y resolución pacífica de conflictos\Equipamientos de convivencia\Casa de Justicia\CJus_SAUs_CAVi_UFis_CFam_UMCo_IPol" CJuEAsocia "Sala de Atención al Usuario, Comisaría de Familia," VB #</Process><Process ToolSource="c:\program files (x86)\arcgis\desktop10.4\ArcToolbox\Toolboxes\Data Management Tools.tbx\CalculateField" Date="20170123" Time="164355">CalculateField "Equipamientos para la prevención y resolución pacífica de conflictos\Equipamientos de convivencia\Casa de Justicia\CJus_SAUs_CAVi_UFis_CFam_UMCo_IPol" CJuEAsocia "Sala de Atención al Usuario, Comisaría de Familia, Inspección de Policía, Unidad de Mediación y Conciliación" VB #</Process><Process ToolSource="c:\program files (x86)\arcgis\desktop10.4\ArcToolbox\Toolboxes\Data Management Tools.tbx\CalculateField" Date="20170214" Time="101153">CalculateField "Equipamientos para la prevención y resolución pacífica de conflictos\Equipamientos de convivencia\Casa de Justicia\CJus_SAUs_CAVi_UFis_CFam_UMCo_IPol" CJuServicio "Centro multiagencial de información, orientación, referencia y prestación de servicios para la resolución de conflictos, se da conocimiento, orientación, tratamiento y solución de los conflictos interpersonales, comunitarios, vecinales y familiares, relacionados con la convivencia ciudadana, tales como: Asuntos familiares, Asuntos Penales, Asuntos Policivos y Asuntos Civiles." VB #</Process><Process Name="Alter Field (11)" ToolSource="c:\program files (x86)\arcgis\desktop10.4\ArcToolbox\Toolboxes\Data Management Tools.tbx\AlterField" Date="20171116" Time="173602">AlterField D:\Fabian\AGS_Server_SCJ\Conexiones_SDE\Produccion\oaiee@pdbarcgi.sde\OAIEE.Coercion\OAIEE.EPol DIR_SITIO EPODIR_SITIO # TEXT 100 NULLABLE false</Process><Process Name="Alter Field (12)" ToolSource="c:\program files (x86)\arcgis\desktop10.4\ArcToolbox\Toolboxes\Data Management Tools.tbx\AlterField" Date="20171116" Time="173611">AlterField D:\Fabian\AGS_Server_SCJ\Conexiones_SDE\Produccion\oaiee@pdbarcgi.sde\OAIEE.Coercion\OAIEE.EPol INTERV_ESP EPOINTERV_ESP # TEXT 50 NULLABLE false</Process><Process Name="Alter Field (13)" ToolSource="c:\program files (x86)\arcgis\desktop10.4\ArcToolbox\Toolboxes\Data Management Tools.tbx\AlterField" Date="20171116" Time="173620">AlterField D:\Fabian\AGS_Server_SCJ\Conexiones_SDE\Produccion\oaiee@pdbarcgi.sde\OAIEE.Coercion\OAIEE.EPol EST_PROY EPOEST_PROY # TEXT 50 NULLABLE false</Process><Process Name="Alter Field (14)" ToolSource="c:\program files (x86)\arcgis\desktop10.4\ArcToolbox\Toolboxes\Data Management Tools.tbx\AlterField" Date="20171116" Time="173729">AlterField D:\Fabian\AGS_Server_SCJ\Conexiones_SDE\Produccion\oaiee@pdbarcgi.sde\OAIEE.Coercion\OAIEE.EPol DESCRIP EPODESCRIP # TEXT 50 NULLABLE false</Process><Process Name="Alter Field (15)" ToolSource="c:\program files (x86)\arcgis\desktop10.4\ArcToolbox\Toolboxes\Data Management Tools.tbx\AlterField" Date="20171116" Time="173739">AlterField D:\Fabian\AGS_Server_SCJ\Conexiones_SDE\Produccion\oaiee@pdbarcgi.sde\OAIEE.Coercion\OAIEE.EPol FECHA_FIN EPOFECHA_FIN # DATE 8 NULLABLE false</Process><Process Name="Alter Field (16)" ToolSource="c:\program files (x86)\arcgis\desktop10.4\ArcToolbox\Toolboxes\Data Management Tools.tbx\AlterField" Date="20171116" Time="173748">AlterField D:\Fabian\AGS_Server_SCJ\Conexiones_SDE\Produccion\oaiee@pdbarcgi.sde\OAIEE.Coercion\OAIEE.EPol FECHA_INI EPOFECHA_INI # DATE 8 NULLABLE false</Process><Process Name="Alter Field (17)" ToolSource="c:\program files (x86)\arcgis\desktop10.4\ArcToolbox\Toolboxes\Data Management Tools.tbx\AlterField" Date="20171116" Time="173757">AlterField D:\Fabian\AGS_Server_SCJ\Conexiones_SDE\Produccion\oaiee@pdbarcgi.sde\OAIEE.Coercion\OAIEE.EPol ANIO_GEO EPOANIO_GEO # LONG 4 NULLABLE false</Process><Process Name="Alter Field (18)" ToolSource="c:\program files (x86)\arcgis\desktop10.4\ArcToolbox\Toolboxes\Data Management Tools.tbx\AlterField" Date="20171116" Time="173806">AlterField D:\Fabian\AGS_Server_SCJ\Conexiones_SDE\Produccion\oaiee@pdbarcgi.sde\OAIEE.Coercion\OAIEE.EPol COD_PROY EPOCOD_PROY # TEXT 10 NULLABLE false</Process><Process Name="Alter Field (19)" ToolSource="c:\program files (x86)\arcgis\desktop10.4\ArcToolbox\Toolboxes\Data Management Tools.tbx\AlterField" Date="20171116" Time="173815">AlterField D:\Fabian\AGS_Server_SCJ\Conexiones_SDE\Produccion\oaiee@pdbarcgi.sde\OAIEE.Coercion\OAIEE.EPol COD_ENT EPOCOD_ENT # TEXT 10 NULLABLE false</Process><Process Name="Alter Field (20)" ToolSource="c:\program files (x86)\arcgis\desktop10.4\ArcToolbox\Toolboxes\Data Management Tools.tbx\AlterField" Date="20171116" Time="173824">AlterField D:\Fabian\AGS_Server_SCJ\Conexiones_SDE\Produccion\oaiee@pdbarcgi.sde\OAIEE.Coercion\OAIEE.EPol COD_PLAN EPOCOD_PLAN # LONG 4 NULLABLE false</Process><Process ToolSource="c:\program files (x86)\arcgis\desktop10.4\ArcToolbox\Toolboxes\Data Management Tools.tbx\CalculateField" Date="20171212" Time="165945">CalculateField "Estación de Policía" EPODIR_SITIO "Carrera 58 9 43" VB #</Process><Process ToolSource="c:\program files (x86)\arcgis\desktop10.4\ArcToolbox\Toolboxes\Data Management Tools.tbx\CalculateField" Date="20171212" Time="170013">CalculateField "Estación de Policía" EPODIR_SITIO "Carrera 34 2B 30" VB #</Process><Process Name="Delete Field (2)" ToolSource="c:\program files (x86)\arcgis\desktop10.5\ArcToolbox\Toolboxes\Data Management Tools.tbx\DeleteField" Date="20180503" Time="160333">DeleteField D:\Fabian\AGS_Server_SCJ\Conexiones_SDE\Produccion\oaiee@pdbarcgi.sde\OAIEE.Coercion\OAIEE.EPol DIRECCION;DIRTRAD;BARRIO;LOCALIDAD;CX;CY;ESTADO;I_LOCALIDA;TIPOLOGIA;EPOCESTE;EPOCNORTE</Process><Process ToolSource="c:\program files (x86)\arcgis\desktop10.5\ArcToolbox\Toolboxes\Data Management Tools.tbx\CalculateField" Date="20181026" Time="165523">CalculateField "Estación de Policía" EPOFECHA_C "01/10/2018" VB #</Process><Process ToolSource="c:\program files (x86)\arcgis\desktop10.8\ArcToolbox\Toolboxes\Data Management Tools.tbx\CalculateField" Date="20220512" Time="180846">CalculateField "Coerción\Estación de Policía" EPODESCRIP "Estación de Policía de Usaquén" VB #</Process><Process ToolSource="c:\program files (x86)\arcgis\desktop10.8\ArcToolbox\Toolboxes\Data Management Tools.tbx\CalculateField" Date="20220512" Time="180907">CalculateField "Coerción\Estación de Policía" EPONOMBRE "Estación de Policía de Usaquén" VB #</Process><Process ToolSource="c:\program files (x86)\arcgis\desktop10.8\ArcToolbox\Toolboxes\Data Management Tools.tbx\CalculateField" Date="20220512" Time="181015">CalculateField "Coerción\Estación de Policía" EPODESCRIP "Estación de Policía Engativá" VB #</Process><Process ToolSource="c:\program files (x86)\arcgis\desktop10.8\ArcToolbox\Toolboxes\Data Management Tools.tbx\CalculateField" Date="20220512" Time="181158">CalculateField "Coerción\Estación de Policía" EPONOMBRE "Estación de Policía Engativá" VB #</Process><Process ToolSource="c:\program files\arcgis\pro\Resources\ArcToolbox\toolboxes\Data Management Tools.tbx\Append" Date="20230203" Time="172813">Append Equipamientos_DA_Actualizacion\EPol C:\Users\oscar.aguirre\Documents\ArcGIS\Projects\MyProject\oaiee.sde\OAIEE.Coercion\OAIEE.EPol "Use the field map to reconcile field differences" "EPOCOD_PLAN "Código del plan" true true false 4 Long 0 10,First,#,D:\scj\GDB\Equipamientos_DA_Actualizacion.gdb\EPol,EPOCOD_PLAN,-1,-1;EPOCOD_ENT "Entidad" true true false 10 Text 0 0,First,#,D:\scj\GDB\Equipamientos_DA_Actualizacion.gdb\EPol,EPOCOD_ENT,0,10;EPOCOD_PROY "Código Proyecto" true true false 10 Text 0 0,First,#,D:\scj\GDB\Equipamientos_DA_Actualizacion.gdb\EPol,EPOCOD_PROY,0,10;EPOANIO_GEO "Año" true true false 4 Long 0 10,First,#,D:\scj\GDB\Equipamientos_DA_Actualizacion.gdb\EPol,EPOANIO_GEO,-1,-1;EPOFECHA_INI "Fecha Inicial" true true false 8 Date 0 0,First,#,D:\scj\GDB\Equipamientos_DA_Actualizacion.gdb\EPol,EPOFECHA_INI,-1,-1;EPOFECHA_FIN "Fecha Final" true true false 8 Date 0 0,First,#,D:\scj\GDB\Equipamientos_DA_Actualizacion.gdb\EPol,EPOFECHA_FIN,-1,-1;EPODESCRIP "Descripción" true true false 50 Text 0 0,First,#,D:\scj\GDB\Equipamientos_DA_Actualizacion.gdb\EPol,EPODESCRIP,0,50;EPOEST_PROY "Estado Proyecto" true true false 50 Text 0 0,First,#,D:\scj\GDB\Equipamientos_DA_Actualizacion.gdb\EPol,EPOEST_PROY,0,50;EPOINTERV_ESP "Intervención Espacio Público" true true false 50 Text 0 0,First,#,D:\scj\GDB\Equipamientos_DA_Actualizacion.gdb\EPol,EPOINTERV_ESP,0,50;EPODIR_SITIO "Dirección Sitio" true true false 100 Text 0 0,First,#,D:\scj\GDB\Equipamientos_DA_Actualizacion.gdb\EPol,EPODIR_SITIO,0,100;EPOCOD_SITIO "Identificador Segplan" true true false 50 Text 0 0,First,#,D:\scj\GDB\Equipamientos_DA_Actualizacion.gdb\EPol,EPOCOD_SITIO,0,50;EPOLATITUD "Latitud" true true false 8 Double 8 38,First,#,D:\scj\GDB\Equipamientos_DA_Actualizacion.gdb\EPol,EPOLATITUD,-1,-1;EPOLONGITU "Longitud" true true false 8 Double 8 38,First,#,D:\scj\GDB\Equipamientos_DA_Actualizacion.gdb\EPol,EPOLONGITU,-1,-1;EPOSERVICIO "Servicio" true true false 500 Text 0 0,First,#,D:\scj\GDB\Equipamientos_DA_Actualizacion.gdb\EPol,EPOSERVICIO,0,500;EPOHORARIO "Horario" true true false 50 Text 0 0,First,#,D:\scj\GDB\Equipamientos_DA_Actualizacion.gdb\EPol,EPOHORARIO,0,50;EPOTELEFON "Telefono" true true false 50 Text 0 0,First,#,D:\scj\GDB\Equipamientos_DA_Actualizacion.gdb\EPol,EPOTELEFON,0,50;EPOCELECTR "Correo Electronico" true true false 50 Text 0 0,First,#,D:\scj\GDB\Equipamientos_DA_Actualizacion.gdb\EPol,EPOCELECTR,0,50;EPOCONTACT "Contacto" true true false 50 Text 0 0,First,#,D:\scj\GDB\Equipamientos_DA_Actualizacion.gdb\EPol,EPOCONTACT,0,50;EPOPWEB "Pagina Web" true true false 50 Text 0 0,First,#,D:\scj\GDB\Equipamientos_DA_Actualizacion.gdb\EPol,EPOPWEB,0,50;EPOIUUPLAN "Identificador Unico de la Unidad de Planeación" true true false 50 Text 0 0,First,#,D:\scj\GDB\Equipamientos_DA_Actualizacion.gdb\EPol,EPOIUUPLAN,0,50;EPOIUSCATA "Identificador Unico del Sector Catastral" true true false 50 Text 0 0,First,#,D:\scj\GDB\Equipamientos_DA_Actualizacion.gdb\EPol,EPOIUSCATA,0,50;EPOIULOCAL "Identificador Unico de la Localidad" true true false 50 Text 0 0,First,#,D:\scj\GDB\Equipamientos_DA_Actualizacion.gdb\EPol,EPOIULOCAL,0,50;EPOEASOCIA "Equipamiento Asociado" true true false 200 Text 0 0,First,#,D:\scj\GDB\Equipamientos_DA_Actualizacion.gdb\EPol,EPOEASOCIA,0,200;EPOFUNCION "Funcionalidad" true true false 100 Text 0 0,First,#,D:\scj\GDB\Equipamientos_DA_Actualizacion.gdb\EPol,EPOFUNCION,0,100;EPOTEQUIPA "Tipo de Equipamiento" true true false 50 Text 0 0,First,#,D:\scj\GDB\Equipamientos_DA_Actualizacion.gdb\EPol,EPOTEQUIPA,0,50;EPONOMBRE "Nombre" true true false 100 Text 0 0,First,#,D:\scj\GDB\Equipamientos_DA_Actualizacion.gdb\EPol,EPONOMBRE,0,100;EPOIDENTIF "Identificador" true true false 50 Text 0 0,First,#,D:\scj\GDB\Equipamientos_DA_Actualizacion.gdb\EPol,EPOIDENTIF,0,50;EPOFECHA_C "Fecha corte" true true false 8 Date 0 0,First,#,D:\scj\GDB\Equipamientos_DA_Actualizacion.gdb\EPol,EPOFECHA_C,-1,-1" # #</Process><Process ToolSource="c:\program files\arcgis\pro\Resources\ArcToolbox\toolboxes\Data Management Tools.tbx\CalculateField" Date="20230817" Time="094324">CalculateField "Estación de Policía" EPOANIO_GEO 2023 "Python 3" # Text NO_ENFORCE_DOMAINS</Process><Process ToolSource="c:\program files\arcgis\pro\Resources\ArcToolbox\toolboxes\Data Management Tools.tbx\CalculateField" Date="20230817" Time="094511">CalculateField "Estación de Policía" EPOFECHA_FIN '30/06/2023' "Python 3" # Text NO_ENFORCE_DOMAINS</Process><Process ToolSource="c:\program files\arcgis\pro\Resources\ArcToolbox\toolboxes\Data Management Tools.tbx\CalculateField" Date="20230817" Time="094731">CalculateField "Estación de Policía" EPOFECHA_C '31/07/2023' "Python 3" # Text NO_ENFORCE_DOMAINS</Process><Process ToolSource="d:\instalacion_argis_2018\server\ArcToolbox\Toolboxes\Data Management Tools.tbx\CalculateField" Date="20240205" Time="124843">CalculateField C:\Users\arcgis\Documents\ArcGIS\Projects\MyProject\ARGIS_PROD.sde\OAIEE.Coercion\OAIEE.EPol EPOFECHA_FIN '31/12/2023' PYTHON #</Process><Process ToolSource="d:\instalacion_argis_2018\server\ArcToolbox\Toolboxes\Data Management Tools.tbx\CalculateField" Date="20240205" Time="124844">CalculateField C:\Users\arcgis\Documents\ArcGIS\Projects\MyProject\ARGIS_PROD.sde\OAIEE.Coercion\OAIEE.EPol EPOFECHA_C '05/02/2024' PYTHON #</Process><Process ToolSource="d:\instalacion_argis_2018\server\ArcToolbox\Toolboxes\Data Management Tools.tbx\CalculateField" Date="20240205" Time="134942">CalculateField C:\Users\arcgis\Documents\ArcGIS\Projects\MyProject\ARGIS_PROD.sde\OAIEE.Coercion\OAIEE.EPol EPOFECHA_FIN '31/12/2023' PYTHON #</Process><Process ToolSource="d:\instalacion_argis_2018\server\ArcToolbox\Toolboxes\Data Management Tools.tbx\CalculateField" Date="20240205" Time="134943">CalculateField C:\Users\arcgis\Documents\ArcGIS\Projects\MyProject\ARGIS_PROD.sde\OAIEE.Coercion\OAIEE.EPol EPOFECHA_C '02/05/2024' PYTHON #</Process><Process ToolSource="d:\instalacion_argis_2018\server\ArcToolbox\Toolboxes\Data Management Tools.tbx\CalculateField" Date="20240205" Time="140602">CalculateField C:\Users\arcgis\Documents\ArcGIS\Projects\MyProject\ARGIS_PROD.sde\OAIEE.Coercion\OAIEE.EPol EPOFECHA_FIN '31/12/2023 05:00:00' PYTHON #</Process><Process ToolSource="d:\instalacion_argis_2018\server\ArcToolbox\Toolboxes\Data Management Tools.tbx\CalculateField" Date="20240205" Time="140603">CalculateField C:\Users\arcgis\Documents\ArcGIS\Projects\MyProject\ARGIS_PROD.sde\OAIEE.Coercion\OAIEE.EPol EPOFECHA_C '05/02/2024 05:00:00' PYTHON #</Process><Process ToolSource="d:\instalacion_argis_2018\server\ArcToolbox\Toolboxes\Data Management Tools.tbx\CalculateField" Date="20240205" Time="141102">CalculateField C:\Users\arcgis\Documents\ArcGIS\Projects\MyProject\ARGIS_PROD.sde\OAIEE.Coercion\OAIEE.EPol EPOFECHA_FIN '31/12/2023 05:00:00' PYTHON #</Process><Process ToolSource="d:\instalacion_argis_2018\server\ArcToolbox\Toolboxes\Data Management Tools.tbx\CalculateField" Date="20240205" Time="141103">CalculateField C:\Users\arcgis\Documents\ArcGIS\Projects\MyProject\ARGIS_PROD.sde\OAIEE.Coercion\OAIEE.EPol EPOFECHA_C '05/02/2024 05:00:00' PYTHON #</Process><Process ToolSource="d:\instalacion_argis_2018\server\ArcToolbox\Toolboxes\Data Management Tools.tbx\CalculateField" Date="20240205" Time="141450">CalculateField C:\Users\arcgis\Documents\ArcGIS\Projects\MyProject\ARGIS_PROD.sde\OAIEE.Coercion\OAIEE.EPol EPOFECHA_FIN '31/12/2023 05:00:00' PYTHON #</Process><Process ToolSource="d:\instalacion_argis_2018\server\ArcToolbox\Toolboxes\Data Management Tools.tbx\CalculateField" Date="20240205" Time="141452">CalculateField C:\Users\arcgis\Documents\ArcGIS\Projects\MyProject\ARGIS_PROD.sde\OAIEE.Coercion\OAIEE.EPol EPOFECHA_C '05/02/2024 05:00:00' PYTHON #</Process><Process ToolSource="d:\instalacion_argis_2018\server\ArcToolbox\Toolboxes\Data Management Tools.tbx\CalculateField" Date="20240821" Time="180543">CalculateField C:\Users\arcgis\Documents\ArcGIS\Projects\MyProject\ARGIS_PROD.sde\OAIEE.Coercion\OAIEE.EPol EPOFECHA_FIN '30/06/2024 05:00:00' PYTHON #</Process><Process ToolSource="d:\instalacion_argis_2018\server\ArcToolbox\Toolboxes\Data Management Tools.tbx\CalculateField" Date="20240821" Time="180544">CalculateField C:\Users\arcgis\Documents\ArcGIS\Projects\MyProject\ARGIS_PROD.sde\OAIEE.Coercion\OAIEE.EPol EPOFECHA_C '05/08/2024 05:00:00' PYTHON #</Process><Process ToolSource="d:\instalacion_argis_2018\server\ArcToolbox\Toolboxes\Data Management Tools.tbx\CalculateField" Date="20240821" Time="180730">CalculateField C:\Users\arcgis\Documents\ArcGIS\Projects\MyProject\ARGIS_PROD.sde\OAIEE.Coercion\OAIEE.EPol EPOFECHA_FIN '30/06/2024 05:00:00' PYTHON #</Process><Process ToolSource="d:\instalacion_argis_2018\server\ArcToolbox\Toolboxes\Data Management Tools.tbx\CalculateField" Date="20240821" Time="180731">CalculateField C:\Users\arcgis\Documents\ArcGIS\Projects\MyProject\ARGIS_PROD.sde\OAIEE.Coercion\OAIEE.EPol EPOFECHA_C '08/05/2024 05:00:00' PYTHON #</Process><Process ToolSource="d:\instalacion_argis_2018\server\ArcToolbox\Toolboxes\Data Management Tools.tbx\CalculateField" Date="20250120" Time="130052">CalculateField C:\Users\arcgis\Documents\ArcGIS\Projects\MyProject\ARGIS_PROD.sde\OAIEE.Coercion\OAIEE.EPol EPOFECHA_FIN '31/12/2024 12:00:00' PYTHON #</Process><Process ToolSource="d:\instalacion_argis_2018\server\ArcToolbox\Toolboxes\Data Management Tools.tbx\CalculateField" Date="20250120" Time="130053">CalculateField C:\Users\arcgis\Documents\ArcGIS\Projects\MyProject\ARGIS_PROD.sde\OAIEE.Coercion\OAIEE.EPol EPOFECHA_C '31/12/2024 12:00:00' PYTHON #</Process><Process ToolSource="d:\instalacion_argis_2018\server\ArcToolbox\Toolboxes\Data Management Tools.tbx\CopyFeatures" Date="20250120" Time="140125">CopyFeatures EstacionPolicia D:\Geoprocesos\Queryslayersfiles\EquimientosPrimerSemestre2025\EstacionPolicia\SHP\EstacionPolicia.shp # 0 0 0</Process></lineage></DataProperties><SyncDate>20250120</SyncDate><SyncTime>14012500</SyncTime><ModDate>20250120</ModDate><ModTime>14012500</ModTime></Esri><dataIdInfo><envirDesc Sync="TRUE"> Version 6.2 (Build 9200) ; Esri ArcGIS 10.9.1.28388</envirDesc><dataLang><languageCode value="eng" Sync="TRUE"></languageCode><countryCode value="USA" Sync="TRUE"></countryCode></dataLang><idCitation><resTitle Sync="TRUE">EstacionPolicia</resTitle><presForm><PresFormCd value="005" Sync="TRUE"></PresFormCd></presForm></idCitation><spatRpType><SpatRepTypCd value="001" Sync="TRUE"></SpatRepTypCd></spatRpType></dataIdInfo><mdLang><languageCode value="eng" Sync="TRUE"></languageCode><countryCode value="USA" Sync="TRUE"></countryCode></mdLang><distInfo><distFormat><formatName Sync="TRUE">Shapefile</formatName></distFormat><distTranOps><transSize Sync="TRUE">0.000</transSize></distTranOps></distInfo><mdHrLv><ScopeCd value="005" Sync="TRUE"></ScopeCd></mdHrLv><mdHrLvName Sync="TRUE">dataset</mdHrLvName><refSysInfo><RefSystem><refSysID><identCode code="4686" Sync="TRUE"></identCode><idCodeSpace Sync="TRUE">EPSG</idCodeSpace><idVersion Sync="TRUE">6.14(9.2.0)</idVersion></refSysID></RefSystem></refSysInfo><spatRepInfo><VectSpatRep><geometObjs Name="EstacionPolicia"><geoObjTyp><GeoObjTypCd value="004" Sync="TRUE"></GeoObjTypCd></geoObjTyp><geoObjCnt Sync="TRUE">0</geoObjCnt></geometObjs><topLvl><TopoLevCd value="001" Sync="TRUE"></TopoLevCd></topLvl></VectSpatRep></spatRepInfo><spdoinfo><ptvctinf><esriterm Name="EstacionPolicia"><efeatyp Sync="TRUE">Simple</efeatyp><efeageom code="1" Sync="TRUE"></efeageom><esritopo Sync="TRUE">FALSE</esritopo><efeacnt Sync="TRUE">0</efeacnt><spindex Sync="TRUE">FALSE</spindex><linrefer Sync="TRUE">FALSE</linrefer></esriterm></ptvctinf></spdoinfo><eainfo><detailed Name="EstacionPolicia"><enttyp><enttypl Sync="TRUE">EstacionPolicia</enttypl><enttypt Sync="TRUE">Feature Class</enttypt><enttypc Sync="TRUE">0</enttypc></enttyp><attr><attrlabl Sync="TRUE">FID</attrlabl><attalias Sync="TRUE">FID</attalias><attrtype Sync="TRUE">OID</attrtype><attwidth Sync="TRUE">4</attwidth><atprecis Sync="TRUE">0</atprecis><attscale Sync="TRUE">0</attscale><attrdef Sync="TRUE">Internal feature number.</attrdef><attrdefs Sync="TRUE">Esri</attrdefs><attrdomv><udom Sync="TRUE">Sequential unique whole numbers that are automatically generated.</udom></attrdomv></attr><attr><attrlabl Sync="TRUE">Shape</attrlabl><attalias Sync="TRUE">Shape</attalias><attrtype Sync="TRUE">Geometry</attrtype><attwidth Sync="TRUE">0</attwidth><atprecis Sync="TRUE">0</atprecis><attscale Sync="TRUE">0</attscale><attrdef Sync="TRUE">Feature geometry.</attrdef><attrdefs Sync="TRUE">Esri</attrdefs><attrdomv><udom Sync="TRUE">Coordinates defining the features.</udom></attrdomv></attr><attr><attrlabl Sync="TRUE">EPOCOD_PLA</attrlabl><attalias Sync="TRUE">EPOCOD_PLA</attalias><attrtype Sync="TRUE">Integer</attrtype><attwidth Sync="TRUE">10</attwidth><atprecis Sync="TRUE">10</atprecis><attscale Sync="TRUE">0</attscale></attr><attr><attrlabl Sync="TRUE">EPOCOD_ENT</attrlabl><attalias Sync="TRUE">EPOCOD_ENT</attalias><attrtype Sync="TRUE">String</attrtype><attwidth Sync="TRUE">10</attwidth><atprecis Sync="TRUE">0</atprecis><attscale Sync="TRUE">0</attscale></attr><attr><attrlabl Sync="TRUE">EPOCOD_PRO</attrlabl><attalias Sync="TRUE">EPOCOD_PRO</attalias><attrtype Sync="TRUE">String</attrtype><attwidth Sync="TRUE">10</attwidth><atprecis Sync="TRUE">0</atprecis><attscale Sync="TRUE">0</attscale></attr><attr><attrlabl Sync="TRUE">EPOANIO_GE</attrlabl><attalias Sync="TRUE">EPOANIO_GE</attalias><attrtype Sync="TRUE">Integer</attrtype><attwidth Sync="TRUE">10</attwidth><atprecis Sync="TRUE">10</atprecis><attscale Sync="TRUE">0</attscale></attr><attr><attrlabl Sync="TRUE">EPOFECHA_I</attrlabl><attalias Sync="TRUE">EPOFECHA_I</attalias><attrtype Sync="TRUE">Date</attrtype><attwidth Sync="TRUE">8</attwidth><atprecis Sync="TRUE">0</atprecis><attscale Sync="TRUE">0</attscale></attr><attr><attrlabl Sync="TRUE">EPOFECHA_F</attrlabl><attalias Sync="TRUE">EPOFECHA_F</attalias><attrtype Sync="TRUE">Date</attrtype><attwidth Sync="TRUE">8</attwidth><atprecis Sync="TRUE">0</atprecis><attscale Sync="TRUE">0</attscale></attr><attr><attrlabl Sync="TRUE">EPODESCRIP</attrlabl><attalias Sync="TRUE">EPODESCRIP</attalias><attrtype Sync="TRUE">String</attrtype><attwidth Sync="TRUE">50</attwidth><atprecis Sync="TRUE">0</atprecis><attscale Sync="TRUE">0</attscale></attr><attr><attrlabl Sync="TRUE">EPOEST_PRO</attrlabl><attalias Sync="TRUE">EPOEST_PRO</attalias><attrtype Sync="TRUE">String</attrtype><attwidth Sync="TRUE">50</attwidth><atprecis Sync="TRUE">0</atprecis><attscale Sync="TRUE">0</attscale></attr><attr><attrlabl Sync="TRUE">EPOINTERV_</attrlabl><attalias Sync="TRUE">EPOINTERV_</attalias><attrtype Sync="TRUE">String</attrtype><attwidth Sync="TRUE">50</attwidth><atprecis Sync="TRUE">0</atprecis><attscale Sync="TRUE">0</attscale></attr><attr><attrlabl Sync="TRUE">EPODIR_SIT</attrlabl><attalias Sync="TRUE">EPODIR_SIT</attalias><attrtype Sync="TRUE">String</attrtype><attwidth Sync="TRUE">100</attwidth><atprecis Sync="TRUE">0</atprecis><attscale Sync="TRUE">0</attscale></attr><attr><attrlabl Sync="TRUE">EPOCOD_SIT</attrlabl><attalias Sync="TRUE">EPOCOD_SIT</attalias><attrtype Sync="TRUE">String</attrtype><attwidth Sync="TRUE">50</attwidth><atprecis Sync="TRUE">0</atprecis><attscale Sync="TRUE">0</attscale></attr><attr><attrlabl Sync="TRUE">EPOLATITUD</attrlabl><attalias Sync="TRUE">EPOLATITUD</attalias><attrtype Sync="TRUE">Double</attrtype><attwidth Sync="TRUE">19</attwidth><atprecis Sync="TRUE">18</atprecis><attscale Sync="TRUE">8</attscale></attr><attr><attrlabl Sync="TRUE">EPOLONGITU</attrlabl><attalias Sync="TRUE">EPOLONGITU</attalias><attrtype Sync="TRUE">Double</attrtype><attwidth Sync="TRUE">19</attwidth><atprecis Sync="TRUE">18</atprecis><attscale Sync="TRUE">8</attscale></attr><attr><attrlabl Sync="TRUE">EPOSERVICI</attrlabl><attalias Sync="TRUE">EPOSERVICI</attalias><attrtype Sync="TRUE">String</attrtype><attwidth Sync="TRUE">254</attwidth><atprecis Sync="TRUE">0</atprecis><attscale Sync="TRUE">0</attscale></attr><attr><attrlabl Sync="TRUE">EPOHORARIO</attrlabl><attalias Sync="TRUE">EPOHORARIO</attalias><attrtype Sync="TRUE">String</attrtype><attwidth Sync="TRUE">50</attwidth><atprecis Sync="TRUE">0</atprecis><attscale Sync="TRUE">0</attscale></attr><attr><attrlabl Sync="TRUE">EPOTELEFON</attrlabl><attalias Sync="TRUE">EPOTELEFON</attalias><attrtype Sync="TRUE">String</attrtype><attwidth Sync="TRUE">50</attwidth><atprecis Sync="TRUE">0</atprecis><attscale Sync="TRUE">0</attscale></attr><attr><attrlabl Sync="TRUE">EPOCELECTR</attrlabl><attalias Sync="TRUE">EPOCELECTR</attalias><attrtype Sync="TRUE">String</attrtype><attwidth Sync="TRUE">50</attwidth><atprecis Sync="TRUE">0</atprecis><attscale Sync="TRUE">0</attscale></attr><attr><attrlabl Sync="TRUE">EPOCONTACT</attrlabl><attalias Sync="TRUE">EPOCONTACT</attalias><attrtype Sync="TRUE">String</attrtype><attwidth Sync="TRUE">50</attwidth><atprecis Sync="TRUE">0</atprecis><attscale Sync="TRUE">0</attscale></attr><attr><attrlabl Sync="TRUE">EPOPWEB</attrlabl><attalias Sync="TRUE">EPOPWEB</attalias><attrtype Sync="TRUE">String</attrtype><attwidth Sync="TRUE">50</attwidth><atprecis Sync="TRUE">0</atprecis><attscale Sync="TRUE">0</attscale></attr><attr><attrlabl Sync="TRUE">EPOIUUPLAN</attrlabl><attalias Sync="TRUE">EPOIUUPLAN</attalias><attrtype Sync="TRUE">String</attrtype><attwidth Sync="TRUE">50</attwidth><atprecis Sync="TRUE">0</atprecis><attscale Sync="TRUE">0</attscale></attr><attr><attrlabl Sync="TRUE">EPOIUSCATA</attrlabl><attalias Sync="TRUE">EPOIUSCATA</attalias><attrtype Sync="TRUE">String</attrtype><attwidth Sync="TRUE">50</attwidth><atprecis Sync="TRUE">0</atprecis><attscale Sync="TRUE">0</attscale></attr><attr><attrlabl Sync="TRUE">EPOIULOCAL</attrlabl><attalias Sync="TRUE">EPOIULOCAL</attalias><attrtype Sync="TRUE">String</attrtype><attwidth Sync="TRUE">50</attwidth><atprecis Sync="TRUE">0</atprecis><attscale Sync="TRUE">0</attscale></attr><attr><attrlabl Sync="TRUE">EPOEASOCIA</attrlabl><attalias Sync="TRUE">EPOEASOCIA</attalias><attrtype Sync="TRUE">String</attrtype><attwidth Sync="TRUE">200</attwidth><atprecis Sync="TRUE">0</atprecis><attscale Sync="TRUE">0</attscale></attr><attr><attrlabl Sync="TRUE">EPOFUNCION</attrlabl><attalias Sync="TRUE">EPOFUNCION</attalias><attrtype Sync="TRUE">String</attrtype><attwidth Sync="TRUE">100</attwidth><atprecis Sync="TRUE">0</atprecis><attscale Sync="TRUE">0</attscale></attr><attr><attrlabl Sync="TRUE">EPOTEQUIPA</attrlabl><attalias Sync="TRUE">EPOTEQUIPA</attalias><attrtype Sync="TRUE">String</attrtype><attwidth Sync="TRUE">50</attwidth><atprecis Sync="TRUE">0</atprecis><attscale Sync="TRUE">0</attscale></attr><attr><attrlabl Sync="TRUE">EPONOMBRE</attrlabl><attalias Sync="TRUE">EPONOMBRE</attalias><attrtype Sync="TRUE">String</attrtype><attwidth Sync="TRUE">100</attwidth><atprecis Sync="TRUE">0</atprecis><attscale Sync="TRUE">0</attscale></attr><attr><attrlabl Sync="TRUE">EPOIDENTIF</attrlabl><attalias Sync="TRUE">EPOIDENTIF</attalias><attrtype Sync="TRUE">String</attrtype><attwidth Sync="TRUE">50</attwidth><atprecis Sync="TRUE">0</atprecis><attscale Sync="TRUE">0</attscale></attr><attr><attrlabl Sync="TRUE">EPOFECHA_C</attrlabl><attalias Sync="TRUE">EPOFECHA_C</attalias><attrtype Sync="TRUE">Date</attrtype><attwidth Sync="TRUE">8</attwidth><atprecis Sync="TRUE">0</atprecis><attscale Sync="TRUE">0</attscale></attr></detailed></eainfo><mdDateSt Sync="TRUE">20250120</mdDateSt></metadata>
