<?xml version="1.0" encoding="UTF-8"?>
<metadata xml:lang="es"><Esri><CreaDate>20240514</CreaDate><CreaTime>17205200</CreaTime><ArcGISFormat>1.0</ArcGISFormat><SyncOnce>FALSE</SyncOnce><DataProperties><lineage><Process ToolSource="c:\program files (x86)\arcgis\desktop10.8\ArcToolbox\Toolboxes\Data Management Tools.tbx\CalculateField" Date="20231004" Time="143618">CalculateField Establecimientos_Educativos_092023 COD [CODIGO_POS] VB #</Process><Process ToolSource="c:\program files (x86)\arcgis\desktop10.8\ArcToolbox\Toolboxes\Data Management Tools.tbx\CalculateField" Date="20231004" Time="143720">CalculateField Establecimientos_Educativos_092023 CODIGO_POS [COD] VB #</Process><Process ToolSource="c:\program files (x86)\arcgis\desktop10.8\ArcToolbox\Toolboxes\Data Management Tools.tbx\CalculateField" Date="20231004" Time="144037">CalculateField Establecimientos_Educativos_092023 ENFASIS_PA " " VB #</Process><Process ToolSource="c:\program files (x86)\arcgis\desktop10.8\ArcToolbox\Toolboxes\Data Management Tools.tbx\CalculateField" Date="20231004" Time="144144">CalculateField Establecimientos_Educativos_092023 DISCAPACID " " VB #</Process><Process ToolSource="c:\program files (x86)\arcgis\desktop10.8\ArcToolbox\Toolboxes\Data Management Tools.tbx\CalculateField" Date="20231004" Time="144249">CalculateField Establecimientos_Educativos_092023 TALENTOS_O " " VB #</Process><Process ToolSource="c:\program files (x86)\arcgis\desktop10.8\ArcToolbox\Toolboxes\Data Management Tools.tbx\CalculateField" Date="20231004" Time="144649">CalculateField Establecimientos_Educativos_092023 GRUPOS_ETN " " VB #</Process><Process ToolSource="c:\program files (x86)\arcgis\desktop10.8\ArcToolbox\Toolboxes\Data Management Tools.tbx\CalculateField" Date="20231004" Time="144934">CalculateField Establecimientos_Educativos_092023 REGIMEN_Y " " VB #</Process><Process ToolSource="c:\program files (x86)\arcgis\desktop10.8\ArcToolbox\Toolboxes\Data Management Tools.tbx\CalculateField" Date="20231004" Time="145345">CalculateField Establecimientos_Educativos_092023 CPF " " VB #</Process><Process ToolSource="c:\program files (x86)\arcgis\desktop10.8\ArcToolbox\Toolboxes\Data Management Tools.tbx\CalculateField" Date="20231004" Time="145357">CalculateField Establecimientos_Educativos_092023 CPF "0" VB #</Process><Process ToolSource="c:\program files (x86)\arcgis\desktop10.8\ArcToolbox\Toolboxes\Data Management Tools.tbx\CalculateField" Date="20231004" Time="150019">CalculateField Establecimientos_Educativos_092023 SECTOR "1" VB #</Process><Process ToolSource="c:\program files (x86)\arcgis\desktop10.8\ArcToolbox\Toolboxes\Data Management Tools.tbx\CalculateField" Date="20231004" Time="150028">CalculateField Establecimientos_Educativos_092023 SECTOR "2" VB #</Process><Process ToolSource="c:\program files (x86)\arcgis\desktop10.8\ArcToolbox\Toolboxes\Data Management Tools.tbx\CalculateField" Date="20231004" Time="151523">CalculateField Establecimientos_Educativos_092023 NATU_JUR "1" VB #</Process><Process ToolSource="c:\program files (x86)\arcgis\desktop10.8\ArcToolbox\Toolboxes\Data Management Tools.tbx\CalculateField" Date="20231004" Time="151545">CalculateField Establecimientos_Educativos_092023 NATU_JUR "2" VB #</Process><Process ToolSource="c:\program files (x86)\arcgis\desktop10.8\ArcToolbox\Toolboxes\Data Management Tools.tbx\CalculateField" Date="20231004" Time="151616">CalculateField Establecimientos_Educativos_092023 NATU_JUR "11" VB #</Process><Process ToolSource="c:\program files (x86)\arcgis\desktop10.8\ArcToolbox\Toolboxes\Data Management Tools.tbx\CalculateField" Date="20231004" Time="151707">CalculateField Establecimientos_Educativos_092023 NATU_JUR "3" VB #</Process><Process ToolSource="c:\program files (x86)\arcgis\desktop10.8\ArcToolbox\Toolboxes\Data Management Tools.tbx\CalculateField" Date="20231004" Time="151729">CalculateField Establecimientos_Educativos_092023 NATU_JUR "4" VB #</Process><Process ToolSource="c:\program files (x86)\arcgis\desktop10.8\ArcToolbox\Toolboxes\Data Management Tools.tbx\CalculateField" Date="20231004" Time="201725">CalculateField Establecimientos_Educativos_092023 NATU_JUR "5" VB #</Process><Process ToolSource="c:\program files (x86)\arcgis\desktop10.8\ArcToolbox\Toolboxes\Data Management Tools.tbx\CalculateField" Date="20231004" Time="201739">CalculateField Establecimientos_Educativos_092023 NATU_JUR "8" VB #</Process><Process ToolSource="c:\program files (x86)\arcgis\desktop10.8\ArcToolbox\Toolboxes\Data Management Tools.tbx\CalculateField" Date="20231004" Time="201754">CalculateField Establecimientos_Educativos_092023 NATU_JUR "9" VB #</Process><Process ToolSource="c:\program files (x86)\arcgis\desktop10.8\ArcToolbox\Toolboxes\Data Management Tools.tbx\CalculateField" Date="20231004" Time="201813">CalculateField Establecimientos_Educativos_092023 NATU_JUR "10" VB #</Process><Process ToolSource="c:\program files (x86)\arcgis\desktop10.8\ArcToolbox\Toolboxes\Data Management Tools.tbx\CalculateField" Date="20231004" Time="201831">CalculateField Establecimientos_Educativos_092023 NATU_JUR "13" VB #</Process><Process ToolSource="c:\program files (x86)\arcgis\desktop10.8\ArcToolbox\Toolboxes\Data Management Tools.tbx\CalculateField" Date="20231004" Time="201913">CalculateField Establecimientos_Educativos_092023 NATU_JUR "14" VB #</Process><Process ToolSource="c:\program files (x86)\arcgis\desktop10.8\ArcToolbox\Toolboxes\Data Management Tools.tbx\CalculateField" Date="20231004" Time="201928">CalculateField Establecimientos_Educativos_092023 NATU_JUR "15" VB #</Process><Process ToolSource="c:\program files (x86)\arcgis\desktop10.8\ArcToolbox\Toolboxes\Data Management Tools.tbx\CalculateField" Date="20231004" Time="202036">CalculateField Establecimientos_Educativos_092023 NATU_JUR "11" VB #</Process><Process ToolSource="c:\program files (x86)\arcgis\desktop10.8\ArcToolbox\Toolboxes\Data Management Tools.tbx\CalculateField" Date="20231004" Time="202124">CalculateField Establecimientos_Educativos_092023 Fecha "30/09/2023" VB #</Process><Process ToolSource="c:\program files (x86)\arcgis\desktop10.8\ArcToolbox\Toolboxes\Data Management Tools.tbx\CalculateField" Date="20231004" Time="202505">CalculateField Establecimientos_Educativos_092023 ESTADO "1" VB #</Process><Process ToolSource="c:\program files (x86)\arcgis\desktop10.8\ArcToolbox\Toolboxes\Data Management Tools.tbx\CalculateField" Date="20231004" Time="202524">CalculateField Establecimientos_Educativos_092023 ESTADO "2" VB #</Process><Process ToolSource="c:\program files (x86)\arcgis\desktop10.8\ArcToolbox\Toolboxes\Data Management Tools.tbx\CalculateField" Date="20231004" Time="202700">CalculateField Establecimientos_Educativos_092023 CALENDARIO "1" VB #</Process><Process ToolSource="c:\program files (x86)\arcgis\desktop10.8\ArcToolbox\Toolboxes\Data Management Tools.tbx\CalculateField" Date="20231004" Time="202714">CalculateField Establecimientos_Educativos_092023 CALENDARIO "2" VB #</Process><Process ToolSource="c:\program files (x86)\arcgis\desktop10.8\ArcToolbox\Toolboxes\Data Management Tools.tbx\CalculateField" Date="20231004" Time="202724">CalculateField Establecimientos_Educativos_092023 CALENDARIO "3" VB #</Process><Process ToolSource="c:\program files (x86)\arcgis\desktop10.8\ArcToolbox\Toolboxes\Data Management Tools.tbx\CalculateField" Date="20231004" Time="202737">CalculateField Establecimientos_Educativos_092023 CALENDARIO "4" VB #</Process><Process ToolSource="c:\program files (x86)\arcgis\desktop10.8\ArcToolbox\Toolboxes\Data Management Tools.tbx\CalculateField" Date="20231004" Time="202745">CalculateField Establecimientos_Educativos_092023 CALENDARIO "5" VB #</Process><Process ToolSource="c:\program files (x86)\arcgis\desktop10.8\ArcToolbox\Toolboxes\Data Management Tools.tbx\CalculateField" Date="20231004" Time="203505">CalculateField Establecimientos_Educativos_092023 GENERO "1" VB #</Process><Process ToolSource="c:\program files (x86)\arcgis\desktop10.8\ArcToolbox\Toolboxes\Data Management Tools.tbx\CalculateField" Date="20231004" Time="203520">CalculateField Establecimientos_Educativos_092023 GENERO "3" VB #</Process><Process ToolSource="c:\program files (x86)\arcgis\desktop10.8\ArcToolbox\Toolboxes\Data Management Tools.tbx\CalculateField" Date="20231004" Time="203536">CalculateField Establecimientos_Educativos_092023 GENERO "5" VB #</Process><Process ToolSource="c:\program files (x86)\arcgis\desktop10.8\ArcToolbox\Toolboxes\Data Management Tools.tbx\CalculateField" Date="20231004" Time="203808">CalculateField Establecimientos_Educativos_092023 ID [COD_LOCA] VB #</Process><Process ToolSource="c:\program files (x86)\arcgis\desktop10.8\ArcToolbox\Toolboxes\Data Management Tools.tbx\CalculateField" Date="20231004" Time="203833">CalculateField Establecimientos_Educativos_092023 COD_LOCA [ID] VB #</Process><Process ToolSource="c:\program files (x86)\arcgis\desktop10.8\ArcToolbox\Toolboxes\Data Management Tools.tbx\CalculateField" Date="20231004" Time="203910">CalculateField Establecimientos_Educativos_092023 COD_LOCA "01" VB #</Process><Process ToolSource="c:\program files (x86)\arcgis\desktop10.8\ArcToolbox\Toolboxes\Data Management Tools.tbx\CalculateField" Date="20231004" Time="203942">CalculateField Establecimientos_Educativos_092023 COD_LOCA "02" VB #</Process><Process ToolSource="c:\program files (x86)\arcgis\desktop10.8\ArcToolbox\Toolboxes\Data Management Tools.tbx\CalculateField" Date="20231004" Time="204043">CalculateField Establecimientos_Educativos_092023 COD_LOCA "03" VB #</Process><Process ToolSource="c:\program files (x86)\arcgis\desktop10.8\ArcToolbox\Toolboxes\Data Management Tools.tbx\CalculateField" Date="20231004" Time="204118">CalculateField Establecimientos_Educativos_092023 COD_LOCA "04" VB #</Process><Process ToolSource="c:\program files (x86)\arcgis\desktop10.8\ArcToolbox\Toolboxes\Data Management Tools.tbx\CalculateField" Date="20231004" Time="204153">CalculateField Establecimientos_Educativos_092023 COD_LOCA "05" VB #</Process><Process ToolSource="c:\program files (x86)\arcgis\desktop10.8\ArcToolbox\Toolboxes\Data Management Tools.tbx\CalculateField" Date="20231004" Time="204209">CalculateField Establecimientos_Educativos_092023 COD_LOCA "06" VB #</Process><Process ToolSource="c:\program files (x86)\arcgis\desktop10.8\ArcToolbox\Toolboxes\Data Management Tools.tbx\CalculateField" Date="20231004" Time="204229">CalculateField Establecimientos_Educativos_092023 COD_LOCA "07" VB #</Process><Process ToolSource="c:\program files (x86)\arcgis\desktop10.8\ArcToolbox\Toolboxes\Data Management Tools.tbx\CalculateField" Date="20231004" Time="204252">CalculateField Establecimientos_Educativos_092023 COD_LOCA "08" VB #</Process><Process ToolSource="c:\program files (x86)\arcgis\desktop10.8\ArcToolbox\Toolboxes\Data Management Tools.tbx\CalculateField" Date="20231004" Time="204312">CalculateField Establecimientos_Educativos_092023 COD_LOCA "09" VB #</Process><Process ToolSource="c:\program files (x86)\arcgis\desktop10.8\ArcToolbox\Toolboxes\Data Management Tools.tbx\CalculateField" Date="20231004" Time="204506">CalculateField Establecimientos_Educativos_092023 CARACTER_P "1" VB #</Process><Process ToolSource="c:\program files (x86)\arcgis\desktop10.8\ArcToolbox\Toolboxes\Data Management Tools.tbx\CalculateField" Date="20231004" Time="204525">CalculateField Establecimientos_Educativos_092023 CARACTER_P "2" VB #</Process><Process ToolSource="c:\program files (x86)\arcgis\desktop10.8\ArcToolbox\Toolboxes\Data Management Tools.tbx\CalculateField" Date="20231004" Time="204542">CalculateField Establecimientos_Educativos_092023 CARACTER_P "3" VB #</Process><Process ToolSource="c:\program files (x86)\arcgis\desktop10.8\ArcToolbox\Toolboxes\Data Management Tools.tbx\CalculateField" Date="20231004" Time="204623">CalculateField Establecimientos_Educativos_092023 CARACTER_P "4" VB #</Process><Process ToolSource="c:\program files (x86)\arcgis\desktop10.8\ArcToolbox\Toolboxes\Data Management Tools.tbx\CalculateField" Date="20231004" Time="204740">CalculateField Establecimientos_Educativos_092023 ESPECIALID "1" VB #</Process><Process ToolSource="c:\program files (x86)\arcgis\desktop10.8\ArcToolbox\Toolboxes\Data Management Tools.tbx\CalculateField" Date="20231004" Time="204756">CalculateField Establecimientos_Educativos_092023 ESPECIALID "3" VB #</Process><Process ToolSource="c:\program files (x86)\arcgis\desktop10.8\ArcToolbox\Toolboxes\Data Management Tools.tbx\CalculateField" Date="20231004" Time="204812">CalculateField Establecimientos_Educativos_092023 ESPECIALID "4" VB #</Process><Process ToolSource="c:\program files (x86)\arcgis\desktop10.8\ArcToolbox\Toolboxes\Data Management Tools.tbx\CalculateField" Date="20231004" Time="204830">CalculateField Establecimientos_Educativos_092023 ESPECIALID "5" VB #</Process><Process ToolSource="c:\program files (x86)\arcgis\desktop10.8\ArcToolbox\Toolboxes\Data Management Tools.tbx\CalculateField" Date="20231004" Time="204904">CalculateField Establecimientos_Educativos_092023 ESPECIALID "5" VB #</Process><Process ToolSource="c:\program files (x86)\arcgis\desktop10.8\ArcToolbox\Toolboxes\Data Management Tools.tbx\CalculateField" Date="20231004" Time="204924">CalculateField Establecimientos_Educativos_092023 ESPECIALID "7" VB #</Process><Process ToolSource="c:\program files (x86)\arcgis\desktop10.8\ArcToolbox\Toolboxes\Data Management Tools.tbx\CalculateField" Date="20231004" Time="204941">CalculateField Establecimientos_Educativos_092023 ESPECIALID "7" VB #</Process><Process ToolSource="c:\program files (x86)\arcgis\desktop10.8\ArcToolbox\Toolboxes\Data Management Tools.tbx\CalculateField" Date="20231004" Time="204952">CalculateField Establecimientos_Educativos_092023 ESPECIALID "7" VB #</Process><Process ToolSource="c:\program files (x86)\arcgis\desktop10.8\ArcToolbox\Toolboxes\Data Management Tools.tbx\CalculateField" Date="20231004" Time="205009">CalculateField Establecimientos_Educativos_092023 ESPECIALID "8" VB #</Process><Process ToolSource="c:\program files (x86)\arcgis\desktop10.8\ArcToolbox\Toolboxes\Data Management Tools.tbx\CalculateField" Date="20231004" Time="205024">CalculateField Establecimientos_Educativos_092023 ESPECIALID "8" VB #</Process><Process ToolSource="c:\program files (x86)\arcgis\desktop10.8\ArcToolbox\Toolboxes\Data Management Tools.tbx\CalculateField" Date="20231004" Time="205038">CalculateField Establecimientos_Educativos_092023 ESPECIALID "9" VB #</Process><Process ToolSource="c:\program files (x86)\arcgis\desktop10.8\ArcToolbox\Toolboxes\Data Management Tools.tbx\CalculateField" Date="20231004" Time="205056">CalculateField Establecimientos_Educativos_092023 ESPECIALID "14" VB #</Process><Process ToolSource="c:\program files (x86)\arcgis\desktop10.8\ArcToolbox\Toolboxes\Data Management Tools.tbx\CalculateField" Date="20231004" Time="205114">CalculateField Establecimientos_Educativos_092023 ESPECIALID "14" VB #</Process><Process ToolSource="c:\program files (x86)\arcgis\desktop10.8\ArcToolbox\Toolboxes\Data Management Tools.tbx\CalculateField" Date="20231004" Time="205129">CalculateField Establecimientos_Educativos_092023 ESPECIALID "10" VB #</Process><Process ToolSource="c:\program files (x86)\arcgis\desktop10.8\ArcToolbox\Toolboxes\Data Management Tools.tbx\CalculateField" Date="20231004" Time="205148">CalculateField Establecimientos_Educativos_092023 ESPECIALID "14" VB #</Process><Process ToolSource="c:\program files (x86)\arcgis\desktop10.8\ArcToolbox\Toolboxes\Data Management Tools.tbx\CalculateField" Date="20231004" Time="205202">CalculateField Establecimientos_Educativos_092023 ESPECIALID "12" VB #</Process><Process ToolSource="c:\program files (x86)\arcgis\desktop10.8\ArcToolbox\Toolboxes\Data Management Tools.tbx\CalculateField" Date="20231004" Time="205304">CalculateField Establecimientos_Educativos_092023 ESPECIALID "13" VB #</Process><Process ToolSource="c:\program files (x86)\arcgis\desktop10.8\ArcToolbox\Toolboxes\Data Management Tools.tbx\CalculateField" Date="20231004" Time="205518">CalculateField Establecimientos_Educativos_092023 ESTRATO "0" VB #</Process><Process ToolSource="c:\program files (x86)\arcgis\desktop10.8\ArcToolbox\Toolboxes\Data Management Tools.tbx\CalculateField" Date="20231004" Time="205538">CalculateField Establecimientos_Educativos_092023 ESTRATO "0" VB #</Process><Process ToolSource="c:\program files (x86)\arcgis\desktop10.8\ArcToolbox\Toolboxes\Data Management Tools.tbx\CalculateField" Date="20231004" Time="205610">CalculateField Establecimientos_Educativos_092023 ESTRATO "1" VB #</Process><Process ToolSource="c:\program files (x86)\arcgis\desktop10.8\ArcToolbox\Toolboxes\Data Management Tools.tbx\CalculateField" Date="20231004" Time="205624">CalculateField Establecimientos_Educativos_092023 ESTRATO "2" VB #</Process><Process ToolSource="c:\program files (x86)\arcgis\desktop10.8\ArcToolbox\Toolboxes\Data Management Tools.tbx\CalculateField" Date="20231004" Time="205637">CalculateField Establecimientos_Educativos_092023 ESTRATO "3" VB #</Process><Process ToolSource="c:\program files (x86)\arcgis\desktop10.8\ArcToolbox\Toolboxes\Data Management Tools.tbx\CalculateField" Date="20231004" Time="205650">CalculateField Establecimientos_Educativos_092023 ESTRATO "4" VB #</Process><Process ToolSource="c:\program files (x86)\arcgis\desktop10.8\ArcToolbox\Toolboxes\Data Management Tools.tbx\CalculateField" Date="20231004" Time="205704">CalculateField Establecimientos_Educativos_092023 ESTRATO "5" VB #</Process><Process ToolSource="c:\program files (x86)\arcgis\desktop10.8\ArcToolbox\Toolboxes\Data Management Tools.tbx\CalculateField" Date="20231004" Time="205717">CalculateField Establecimientos_Educativos_092023 ESTRATO "6" VB #</Process><Process ToolSource="c:\program files (x86)\arcgis\desktop10.8\ArcToolbox\Toolboxes\Data Management Tools.tbx\CalculateField" Date="20231004" Time="205745">CalculateField Establecimientos_Educativos_092023 ESTRATO "7" VB #</Process><Process ToolSource="c:\program files (x86)\arcgis\desktop10.8\ArcToolbox\Toolboxes\Data Management Tools.tbx\CalculateField" Date="20231004" Time="205937">CalculateField Establecimientos_Educativos_092023 CLASE_TIPO "1" VB #</Process><Process ToolSource="c:\program files (x86)\arcgis\desktop10.8\ArcToolbox\Toolboxes\Data Management Tools.tbx\CalculateField" Date="20231004" Time="205953">CalculateField Establecimientos_Educativos_092023 CLASE_TIPO "2" VB #</Process><Process ToolSource="c:\program files (x86)\arcgis\desktop10.8\ArcToolbox\Toolboxes\Data Management Tools.tbx\CalculateField" Date="20231004" Time="210012">CalculateField Establecimientos_Educativos_092023 CLASE_TIPO "3" VB #</Process><Process ToolSource="c:\program files (x86)\arcgis\desktop10.8\ArcToolbox\Toolboxes\Data Management Tools.tbx\CalculateField" Date="20231004" Time="210027">CalculateField Establecimientos_Educativos_092023 CLASE_TIPO "4" VB #</Process><Process ToolSource="c:\program files (x86)\arcgis\desktop10.8\ArcToolbox\Toolboxes\Data Management Tools.tbx\CalculateField" Date="20231004" Time="210044">CalculateField Establecimientos_Educativos_092023 CLASE_TIPO "5" VB #</Process><Process ToolSource="c:\program files (x86)\arcgis\desktop10.8\ArcToolbox\Toolboxes\Data Management Tools.tbx\CalculateField" Date="20231004" Time="210101">CalculateField Establecimientos_Educativos_092023 CLASE_TIPO "6" VB #</Process><Process ToolSource="c:\program files (x86)\arcgis\desktop10.8\ArcToolbox\Toolboxes\Data Management Tools.tbx\CalculateField" Date="20231004" Time="210341">CalculateField Establecimientos_Educativos_092023 ID "1" VB #</Process><Process ToolSource="c:\program files (x86)\arcgis\desktop10.8\ArcToolbox\Toolboxes\Data Management Tools.tbx\CalculateField" Date="20231004" Time="210400">CalculateField Establecimientos_Educativos_092023 ID "1" VB #</Process><Process ToolSource="c:\program files (x86)\arcgis\desktop10.8\ArcToolbox\Toolboxes\Data Management Tools.tbx\CalculateField" Date="20231004" Time="210420">CalculateField Establecimientos_Educativos_092023 ID "2" VB #</Process><Process ToolSource="c:\program files (x86)\arcgis\desktop10.8\ArcToolbox\Toolboxes\Data Management Tools.tbx\CalculateField" Date="20231004" Time="210501">CalculateField Establecimientos_Educativos_092023 ID "4" VB #</Process><Process ToolSource="c:\program files (x86)\arcgis\desktop10.8\ArcToolbox\Toolboxes\Data Management Tools.tbx\CalculateField" Date="20231004" Time="210533">CalculateField Establecimientos_Educativos_092023 BILINGUE [ID] VB #</Process><Process ToolSource="c:\program files (x86)\arcgis\desktop10.8\ArcToolbox\Toolboxes\Data Management Tools.tbx\CalculateField" Date="20231004" Time="210546">CalculateField Establecimientos_Educativos_092023 BILINGUE [ID] VB #</Process><Process ToolSource="c:\program files (x86)\arcgis\desktop10.6\ArcToolbox\Toolboxes\Data Management Tools.tbx\CalculateField" Date="20231103" Time="160156">CalculateField Colegios Fecha1 [Fecha] VB #</Process><Process ToolSource="c:\program files (x86)\arcgis\desktop10.6\ArcToolbox\Toolboxes\Data Management Tools.tbx\CalculateField" Date="20231103" Time="160235">CalculateField Colegios FECHA [Fecha1] VB #</Process><Process ToolSource="c:\program files (x86)\arcgis\desktop10.8\ArcToolbox\Toolboxes\Data Management Tools.tbx\CalculateField" Date="20240417" Time="084045">CalculateField Colegios FECHA "31/03/2024" VB #</Process><Process ToolSource="c:\program files (x86)\arcgis\desktop10.8\ArcToolbox\Toolboxes\Data Management Tools.tbx\CalculateField" Date="20240417" Time="095547">CalculateField Colegios COD_LOCA "01" VB #</Process><Process ToolSource="c:\program files (x86)\arcgis\desktop10.8\ArcToolbox\Toolboxes\Data Management Tools.tbx\CalculateField" Date="20240417" Time="095806">CalculateField Colegios COD_LOCA "02" VB #</Process><Process ToolSource="c:\program files (x86)\arcgis\desktop10.8\ArcToolbox\Toolboxes\Data Management Tools.tbx\CalculateField" Date="20240417" Time="095816">CalculateField Colegios COD_LOCA "03" VB #</Process><Process ToolSource="c:\program files (x86)\arcgis\desktop10.8\ArcToolbox\Toolboxes\Data Management Tools.tbx\CalculateField" Date="20240417" Time="095825">CalculateField Colegios COD_LOCA "04" VB #</Process><Process ToolSource="c:\program files (x86)\arcgis\desktop10.8\ArcToolbox\Toolboxes\Data Management Tools.tbx\CalculateField" Date="20240417" Time="095839">CalculateField Colegios COD_LOCA "05" VB #</Process><Process ToolSource="c:\program files (x86)\arcgis\desktop10.8\ArcToolbox\Toolboxes\Data Management Tools.tbx\CalculateField" Date="20240417" Time="095927">CalculateField Colegios COD_LOCA "06" VB #</Process><Process ToolSource="c:\program files (x86)\arcgis\desktop10.8\ArcToolbox\Toolboxes\Data Management Tools.tbx\CalculateField" Date="20240417" Time="095937">CalculateField Colegios COD_LOCA "07" VB #</Process><Process ToolSource="c:\program files (x86)\arcgis\desktop10.8\ArcToolbox\Toolboxes\Data Management Tools.tbx\CalculateField" Date="20240417" Time="095946">CalculateField Colegios COD_LOCA "08" VB #</Process><Process ToolSource="c:\program files (x86)\arcgis\desktop10.8\ArcToolbox\Toolboxes\Data Management Tools.tbx\CalculateField" Date="20240417" Time="095955">CalculateField Colegios COD_LOCA "09" VB #</Process><Process ToolSource="c:\program files (x86)\arcgis\desktop10.6\ArcToolbox\Toolboxes\Data Management Tools.tbx\CalculateField" Date="20240502" Time="164218">CalculateField Colegios ID_Educativo [DANE12_EST] VB #</Process><Process ToolSource="c:\program files (x86)\arcgis\desktop10.6\ArcToolbox\Toolboxes\Data Management Tools.tbx\CalculateField" Date="20240502" Time="164414">CalculateField Colegios DANE12_EST [ID_Educativo] VB #</Process><Process ToolSource="c:\program files (x86)\arcgis\desktop10.6\ArcToolbox\Toolboxes\Data Management Tools.tbx\CalculateField" Date="20240502" Time="164817">CalculateField Colegios ID_SED [DANE12_SED] VB #</Process><Process ToolSource="c:\program files (x86)\arcgis\desktop10.6\ArcToolbox\Toolboxes\Data Management Tools.tbx\CalculateField" Date="20240502" Time="164913">CalculateField Colegios DANE12_SED [ID_SED] VB #</Process><Process ToolSource="c:\program files (x86)\arcgis\desktop10.6\ArcToolbox\Toolboxes\Data Management Tools.tbx\TruncateTable" Date="20240504" Time="092759">TruncateTable D:\Contenedor\Users\dcarvajal\Documents\OPERATIVO\2024\DatosTemáticos\SED\1Ajustados\Datos\SED_BDLocal\SED.gdb\Establecimientos_Educativos\Establecimientos_Educativos_032024</Process><Process ToolSource="c:\program files (x86)\arcgis\desktop10.6\ArcToolbox\Toolboxes\Conversion Tools.tbx\FeatureClassToFeatureClass" Date="20240514" Time="154200">FeatureClassToFeatureClass D:\Contenedor\Users\dcarvajal\Documents\OPERATIVO\2024\DatosTemáticos\SED\1Ajustados\Datos\SED_BDLocal\SED.gdb\Establecimientos_Educativos\Establecimientos_Educativos_032024 D:\Contenedor\Users\dcarvajal\Documents\OPERATIVO\2024\DatosTemáticos\SED\1Ajustados\DatosAbiertos\Colegios03.24\Colegios03.24 Colegios03_2024.shp # "NOMBRE_EST "Nombre del establecimiento educativo" true true false 255 Text 0 0 ,First,#,D:\Contenedor\Users\dcarvajal\Documents\OPERATIVO\2024\DatosTemáticos\SED\1Ajustados\Datos\SED_BDLocal\SED.gdb\Establecimientos_Educativos\Establecimientos_Educativos_032024,NOMBRE_EST,-1,-1;NIT "NIT" true true false 255 Text 0 0 ,First,#,D:\Contenedor\Users\dcarvajal\Documents\OPERATIVO\2024\DatosTemáticos\SED\1Ajustados\Datos\SED_BDLocal\SED.gdb\Establecimientos_Educativos\Establecimientos_Educativos_032024,NIT,-1,-1;NOMBRE_SED "Nombre de la sede educativa" true true false 255 Text 0 0 ,First,#,D:\Contenedor\Users\dcarvajal\Documents\OPERATIVO\2024\DatosTemáticos\SED\1Ajustados\Datos\SED_BDLocal\SED.gdb\Establecimientos_Educativos\Establecimientos_Educativos_032024,NOMBRE_SED,-1,-1;ORDEN_DE_S "Orden de la sede" true true false 255 Text 0 0 ,First,#,D:\Contenedor\Users\dcarvajal\Documents\OPERATIVO\2024\DatosTemáticos\SED\1Ajustados\Datos\SED_BDLocal\SED.gdb\Establecimientos_Educativos\Establecimientos_Educativos_032024,ORDEN_DE_S,-1,-1;ZONA "Zona" true true false 255 Text 0 0 ,First,#,D:\Contenedor\Users\dcarvajal\Documents\OPERATIVO\2024\DatosTemáticos\SED\1Ajustados\Datos\SED_BDLocal\SED.gdb\Establecimientos_Educativos\Establecimientos_Educativos_032024,ZONA,-1,-1;DIRECCION "Dirección" true true false 255 Text 0 0 ,First,#,D:\Contenedor\Users\dcarvajal\Documents\OPERATIVO\2024\DatosTemáticos\SED\1Ajustados\Datos\SED_BDLocal\SED.gdb\Establecimientos_Educativos\Establecimientos_Educativos_032024,DIRECCION,-1,-1;BARRIO__GE "Barrio" true true false 255 Text 0 0 ,First,#,D:\Contenedor\Users\dcarvajal\Documents\OPERATIVO\2024\DatosTemáticos\SED\1Ajustados\Datos\SED_BDLocal\SED.gdb\Establecimientos_Educativos\Establecimientos_Educativos_032024,BARRIO__GE,-1,-1;TELEFONO "Teléfono" true true false 255 Text 0 0 ,First,#,D:\Contenedor\Users\dcarvajal\Documents\OPERATIVO\2024\DatosTemáticos\SED\1Ajustados\Datos\SED_BDLocal\SED.gdb\Establecimientos_Educativos\Establecimientos_Educativos_032024,TELEFONO,-1,-1;EMAIL "Email" true true false 255 Text 0 0 ,First,#,D:\Contenedor\Users\dcarvajal\Documents\OPERATIVO\2024\DatosTemáticos\SED\1Ajustados\Datos\SED_BDLocal\SED.gdb\Establecimientos_Educativos\Establecimientos_Educativos_032024,EMAIL,-1,-1;WEB "Página web" true true false 255 Text 0 0 ,First,#,D:\Contenedor\Users\dcarvajal\Documents\OPERATIVO\2024\DatosTemáticos\SED\1Ajustados\Datos\SED_BDLocal\SED.gdb\Establecimientos_Educativos\Establecimientos_Educativos_032024,WEB,-1,-1;ENFASIS_PA "Énfasis para el carácter académico de la Media" true true false 255 Text 0 0 ,First,#,D:\Contenedor\Users\dcarvajal\Documents\OPERATIVO\2024\DatosTemáticos\SED\1Ajustados\Datos\SED_BDLocal\SED.gdb\Establecimientos_Educativos\Establecimientos_Educativos_032024,ENFASIS_PA,-1,-1;DISCAPACID "Tipo de Discapacidad" true true false 255 Text 0 0 ,First,#,D:\Contenedor\Users\dcarvajal\Documents\OPERATIVO\2024\DatosTemáticos\SED\1Ajustados\Datos\SED_BDLocal\SED.gdb\Establecimientos_Educativos\Establecimientos_Educativos_032024,DISCAPACID,-1,-1;TALENTOS_O "Talentos o Capacidades Excepcionales" true true false 500 Text 0 0 ,First,#,D:\Contenedor\Users\dcarvajal\Documents\OPERATIVO\2024\DatosTemáticos\SED\1Ajustados\Datos\SED_BDLocal\SED.gdb\Establecimientos_Educativos\Establecimientos_Educativos_032024,TALENTOS_O,-1,-1;GRUPOS_ETN "Grupos étnicos" true true false 255 Text 0 0 ,First,#,D:\Contenedor\Users\dcarvajal\Documents\OPERATIVO\2024\DatosTemáticos\SED\1Ajustados\Datos\SED_BDLocal\SED.gdb\Establecimientos_Educativos\Establecimientos_Educativos_032024,GRUPOS_ETN,-1,-1;REGIMEN_Y "Régimen y Categoría de Costos" true true false 255 Text 0 0 ,First,#,D:\Contenedor\Users\dcarvajal\Documents\OPERATIVO\2024\DatosTemáticos\SED\1Ajustados\Datos\SED_BDLocal\SED.gdb\Establecimientos_Educativos\Establecimientos_Educativos_032024,REGIMEN_Y,-1,-1;CPF "Código de planta física" true true false 4 Long 0 0 ,First,#,D:\Contenedor\Users\dcarvajal\Documents\OPERATIVO\2024\DatosTemáticos\SED\1Ajustados\Datos\SED_BDLocal\SED.gdb\Establecimientos_Educativos\Establecimientos_Educativos_032024,CPF,-1,-1;COD_UPZ "Código UPZ" true true false 255 Text 0 0 ,First,#,D:\Contenedor\Users\dcarvajal\Documents\OPERATIVO\2024\DatosTemáticos\SED\1Ajustados\Datos\SED_BDLocal\SED.gdb\Establecimientos_Educativos\Establecimientos_Educativos_032024,COD_UPZ,-1,-1;NOMBRE_UPZ "Nombre de la UPZ" true true false 255 Text 0 0 ,First,#,D:\Contenedor\Users\dcarvajal\Documents\OPERATIVO\2024\DatosTemáticos\SED\1Ajustados\Datos\SED_BDLocal\SED.gdb\Establecimientos_Educativos\Establecimientos_Educativos_032024,NOMBRE_UPZ,-1,-1;SECTOR_CEN "Sector Censal" true true false 250 Text 0 0 ,First,#,D:\Contenedor\Users\dcarvajal\Documents\OPERATIVO\2024\DatosTemáticos\SED\1Ajustados\Datos\SED_BDLocal\SED.gdb\Establecimientos_Educativos\Establecimientos_Educativos_032024,SECTOR_CEN,-1,-1;CODIGO_POS "Código Postal" true true false 4 Long 0 0 ,First,#,D:\Contenedor\Users\dcarvajal\Documents\OPERATIVO\2024\DatosTemáticos\SED\1Ajustados\Datos\SED_BDLocal\SED.gdb\Establecimientos_Educativos\Establecimientos_Educativos_032024,CODIGO_POS,-1,-1;SECTOR "Sector" true true false 4 Long 0 0 ,First,#,D:\Contenedor\Users\dcarvajal\Documents\OPERATIVO\2024\DatosTemáticos\SED\1Ajustados\Datos\SED_BDLocal\SED.gdb\Establecimientos_Educativos\Establecimientos_Educativos_032024,SECTOR,-1,-1;NATU_JUR "Naturaleza Jurídica" true true false 4 Long 0 0 ,First,#,D:\Contenedor\Users\dcarvajal\Documents\OPERATIVO\2024\DatosTemáticos\SED\1Ajustados\Datos\SED_BDLocal\SED.gdb\Establecimientos_Educativos\Establecimientos_Educativos_032024,NATU_JUR,-1,-1;ESTADO "Estado" true true false 4 Long 0 0 ,First,#,D:\Contenedor\Users\dcarvajal\Documents\OPERATIVO\2024\DatosTemáticos\SED\1Ajustados\Datos\SED_BDLocal\SED.gdb\Establecimientos_Educativos\Establecimientos_Educativos_032024,ESTADO,-1,-1;CALENDARIO "Calendario" true true false 4 Long 0 0 ,First,#,D:\Contenedor\Users\dcarvajal\Documents\OPERATIVO\2024\DatosTemáticos\SED\1Ajustados\Datos\SED_BDLocal\SED.gdb\Establecimientos_Educativos\Establecimientos_Educativos_032024,CALENDARIO,-1,-1;GENERO "Género" true true false 4 Long 0 0 ,First,#,D:\Contenedor\Users\dcarvajal\Documents\OPERATIVO\2024\DatosTemáticos\SED\1Ajustados\Datos\SED_BDLocal\SED.gdb\Establecimientos_Educativos\Establecimientos_Educativos_032024,GENERO,-1,-1;COD_LOCA "Nombre de la Localidad" true true false 50 Text 0 0 ,First,#,D:\Contenedor\Users\dcarvajal\Documents\OPERATIVO\2024\DatosTemáticos\SED\1Ajustados\Datos\SED_BDLocal\SED.gdb\Establecimientos_Educativos\Establecimientos_Educativos_032024,COD_LOCA,-1,-1;CARACTER_P "Carácter para la Media" true true false 4 Long 0 0 ,First,#,D:\Contenedor\Users\dcarvajal\Documents\OPERATIVO\2024\DatosTemáticos\SED\1Ajustados\Datos\SED_BDLocal\SED.gdb\Establecimientos_Educativos\Establecimientos_Educativos_032024,CARACTER_P,-1,-1;ESPECIALID "Especialidad para la Media" true true false 4 Long 0 0 ,First,#,D:\Contenedor\Users\dcarvajal\Documents\OPERATIVO\2024\DatosTemáticos\SED\1Ajustados\Datos\SED_BDLocal\SED.gdb\Establecimientos_Educativos\Establecimientos_Educativos_032024,ESPECIALID,-1,-1;ESTRATO "Estrato" true true false 50 Text 0 0 ,First,#,D:\Contenedor\Users\dcarvajal\Documents\OPERATIVO\2024\DatosTemáticos\SED\1Ajustados\Datos\SED_BDLocal\SED.gdb\Establecimientos_Educativos\Establecimientos_Educativos_032024,ESTRATO,-1,-1;CLASE_TIPO "Clase" true true false 2 Short 0 0 ,First,#,D:\Contenedor\Users\dcarvajal\Documents\OPERATIVO\2024\DatosTemáticos\SED\1Ajustados\Datos\SED_BDLocal\SED.gdb\Establecimientos_Educativos\Establecimientos_Educativos_032024,CLASE_TIPO,-1,-1;BILINGUE "Bilingüe" true true false 2 Short 0 0 ,First,#,D:\Contenedor\Users\dcarvajal\Documents\OPERATIVO\2024\DatosTemáticos\SED\1Ajustados\Datos\SED_BDLocal\SED.gdb\Establecimientos_Educativos\Establecimientos_Educativos_032024,BILINGUE,-1,-1;FECHA "Fecha" true true false 8 Date 0 0 ,First,#,D:\Contenedor\Users\dcarvajal\Documents\OPERATIVO\2024\DatosTemáticos\SED\1Ajustados\Datos\SED_BDLocal\SED.gdb\Establecimientos_Educativos\Establecimientos_Educativos_032024,FECHA,-1,-1;NOM_UPL "Nombre UPL" true true false 50 Text 0 0 ,First,#,D:\Contenedor\Users\dcarvajal\Documents\OPERATIVO\2024\DatosTemáticos\SED\1Ajustados\Datos\SED_BDLocal\SED.gdb\Establecimientos_Educativos\Establecimientos_Educativos_032024,NOM_UPL,-1,-1;COD_UPL "Código UPL" true true false 50 Text 0 0 ,First,#,D:\Contenedor\Users\dcarvajal\Documents\OPERATIVO\2024\DatosTemáticos\SED\1Ajustados\Datos\SED_BDLocal\SED.gdb\Establecimientos_Educativos\Establecimientos_Educativos_032024,COD_UPL,-1,-1;DANE12_EST "Id del establecimiento educativo" true true false 50 Text 0 0 ,First,#,D:\Contenedor\Users\dcarvajal\Documents\OPERATIVO\2024\DatosTemáticos\SED\1Ajustados\Datos\SED_BDLocal\SED.gdb\Establecimientos_Educativos\Establecimientos_Educativos_032024,DANE12_EST,-1,-1;DANE12_SED "Id de la sede educativa" true true false 50 Text 0 0 ,First,#,D:\Contenedor\Users\dcarvajal\Documents\OPERATIVO\2024\DatosTemáticos\SED\1Ajustados\Datos\SED_BDLocal\SED.gdb\Establecimientos_Educativos\Establecimientos_Educativos_032024,DANE12_SED,-1,-1" #</Process></lineage><itemProps><itemLocation><linkage Sync="TRUE">file://\\IDECAM710S8EZA\D$\Contenedor\Users\dcarvajal\Documents\OPERATIVO\2024\DatosTemáticos\SED\1Ajustados\DatosAbiertos\Colegios03.24\Colegios03.24\Colegios03_2024.shp</linkage><protocol Sync="TRUE">Local Area Network</protocol></itemLocation><itemName Sync="TRUE">Colegios03_2024</itemName><imsContentType Sync="TRUE">002</imsContentType><itemSize Sync="TRUE">0.000</itemSize></itemProps><coordRef><type Sync="TRUE">Projected</type><geogcsn Sync="TRUE">GCS_WGS_1984</geogcsn><csUnits Sync="TRUE">Linear Unit: Meter (1.000000)</csUnits><projcsn Sync="TRUE">WGS_1984_Web_Mercator_Auxiliary_Sphere</projcsn><peXml Sync="TRUE">&lt;ProjectedCoordinateSystem xsi:type='typens:ProjectedCoordinateSystem' xmlns:xsi='http://www.w3.org/2001/XMLSchema-instance' xmlns:xs='http://www.w3.org/2001/XMLSchema' xmlns:typens='http://www.esri.com/schemas/ArcGIS/10.6'&gt;&lt;WKT&gt;PROJCS[&amp;quot;WGS_1984_Web_Mercator_Auxiliary_Sphere&amp;quot;,GEOGCS[&amp;quot;GCS_WGS_1984&amp;quot;,DATUM[&amp;quot;D_WGS_1984&amp;quot;,SPHEROID[&amp;quot;WGS_1984&amp;quot;,6378137.0,298.257223563]],PRIMEM[&amp;quot;Greenwich&amp;quot;,0.0],UNIT[&amp;quot;Degree&amp;quot;,0.0174532925199433]],PROJECTION[&amp;quot;Mercator_Auxiliary_Sphere&amp;quot;],PARAMETER[&amp;quot;False_Easting&amp;quot;,0.0],PARAMETER[&amp;quot;False_Northing&amp;quot;,0.0],PARAMETER[&amp;quot;Central_Meridian&amp;quot;,0.0],PARAMETER[&amp;quot;Standard_Parallel_1&amp;quot;,0.0],PARAMETER[&amp;quot;Auxiliary_Sphere_Type&amp;quot;,0.0],UNIT[&amp;quot;Meter&amp;quot;,1.0],AUTHORITY[&amp;quot;EPSG&amp;quot;,3857]]&lt;/WKT&gt;&lt;XOrigin&gt;-20037700&lt;/XOrigin&gt;&lt;YOrigin&gt;-30241100&lt;/YOrigin&gt;&lt;XYScale&gt;148923141.92838538&lt;/XYScale&gt;&lt;ZOrigin&gt;-100000&lt;/ZOrigin&gt;&lt;ZScale&gt;10000&lt;/ZScale&gt;&lt;MOrigin&gt;-100000&lt;/MOrigin&gt;&lt;MScale&gt;10000&lt;/MScale&gt;&lt;XYTolerance&gt;0.001&lt;/XYTolerance&gt;&lt;ZTolerance&gt;0.001&lt;/ZTolerance&gt;&lt;MTolerance&gt;0.001&lt;/MTolerance&gt;&lt;HighPrecision&gt;true&lt;/HighPrecision&gt;&lt;WKID&gt;102100&lt;/WKID&gt;&lt;LatestWKID&gt;3857&lt;/LatestWKID&gt;&lt;/ProjectedCoordinateSystem&gt;</peXml></coordRef></DataProperties><SyncDate>20240514</SyncDate><SyncTime>15415600</SyncTime><ModDate>20240514</ModDate><ModTime>15415600</ModTime></Esri><dataIdInfo><envirDesc Sync="TRUE"> Version 6.2 (Build 9200) ; Esri ArcGIS 10.6.1.9270</envirDesc><dataLang><languageCode value="spa" Sync="TRUE"></languageCode><countryCode value="COL" Sync="TRUE"></countryCode></dataLang><idCitation><resTitle Sync="TRUE">Colegios03_2024</resTitle><presForm><PresFormCd value="005" Sync="TRUE"></PresFormCd></presForm></idCitation><spatRpType><SpatRepTypCd value="001" Sync="TRUE"></SpatRepTypCd></spatRpType></dataIdInfo><mdLang><languageCode value="spa" Sync="TRUE"></languageCode><countryCode value="COL" Sync="TRUE"></countryCode></mdLang><distInfo><distFormat><formatName Sync="TRUE">Shapefile</formatName></distFormat><distTranOps><transSize Sync="TRUE">0.000</transSize></distTranOps></distInfo><mdHrLv><ScopeCd value="005" Sync="TRUE"></ScopeCd></mdHrLv><mdHrLvName Sync="TRUE">dataset</mdHrLvName><refSysInfo><RefSystem><refSysID><identCode code="3857" Sync="TRUE"></identCode><idCodeSpace Sync="TRUE">EPSG</idCodeSpace><idVersion Sync="TRUE">8.8(9.3.1.2)</idVersion></refSysID></RefSystem></refSysInfo><spatRepInfo><VectSpatRep><geometObjs Name="Colegios03_2024"><geoObjTyp><GeoObjTypCd value="004" Sync="TRUE"></GeoObjTypCd></geoObjTyp><geoObjCnt Sync="TRUE">0</geoObjCnt></geometObjs><topLvl><TopoLevCd value="001" Sync="TRUE"></TopoLevCd></topLvl></VectSpatRep></spatRepInfo><spdoinfo><ptvctinf><esriterm Name="Colegios03_2024"><efeatyp Sync="TRUE">Simple</efeatyp><efeageom code="1" Sync="TRUE"></efeageom><esritopo Sync="TRUE">FALSE</esritopo><efeacnt Sync="TRUE">0</efeacnt><spindex Sync="TRUE">FALSE</spindex><linrefer Sync="TRUE">FALSE</linrefer></esriterm></ptvctinf></spdoinfo><eainfo><detailed Name="Colegios03_2024"><enttyp><enttypl Sync="TRUE">Colegios03_2024</enttypl><enttypt Sync="TRUE">Feature Class</enttypt><enttypc Sync="TRUE">0</enttypc></enttyp><attr><attrlabl Sync="TRUE">FID</attrlabl><attalias Sync="TRUE">FID</attalias><attrtype Sync="TRUE">OID</attrtype><attwidth Sync="TRUE">4</attwidth><atprecis Sync="TRUE">0</atprecis><attscale Sync="TRUE">0</attscale><attrdef Sync="TRUE">Internal feature number.</attrdef><attrdefs Sync="TRUE">Esri</attrdefs><attrdomv><udom Sync="TRUE">Sequential unique whole numbers that are automatically generated.</udom></attrdomv></attr><attr><attrlabl Sync="TRUE">Shape</attrlabl><attalias Sync="TRUE">Shape</attalias><attrtype Sync="TRUE">Geometry</attrtype><attwidth Sync="TRUE">0</attwidth><atprecis Sync="TRUE">0</atprecis><attscale Sync="TRUE">0</attscale><attrdef Sync="TRUE">Feature geometry.</attrdef><attrdefs Sync="TRUE">Esri</attrdefs><attrdomv><udom Sync="TRUE">Coordinates defining the features.</udom></attrdomv></attr><attr><attrlabl Sync="TRUE">NOMBRE_EST</attrlabl><attalias Sync="TRUE">NOMBRE_EST</attalias><attrtype Sync="TRUE">String</attrtype><attwidth Sync="TRUE">254</attwidth><atprecis Sync="TRUE">0</atprecis><attscale Sync="TRUE">0</attscale></attr><attr><attrlabl Sync="TRUE">NIT</attrlabl><attalias Sync="TRUE">NIT</attalias><attrtype Sync="TRUE">String</attrtype><attwidth Sync="TRUE">254</attwidth><atprecis Sync="TRUE">0</atprecis><attscale Sync="TRUE">0</attscale></attr><attr><attrlabl Sync="TRUE">NOMBRE_SED</attrlabl><attalias Sync="TRUE">NOMBRE_SED</attalias><attrtype Sync="TRUE">String</attrtype><attwidth Sync="TRUE">254</attwidth><atprecis Sync="TRUE">0</atprecis><attscale Sync="TRUE">0</attscale></attr><attr><attrlabl Sync="TRUE">ORDEN_DE_S</attrlabl><attalias Sync="TRUE">ORDEN_DE_S</attalias><attrtype Sync="TRUE">String</attrtype><attwidth Sync="TRUE">254</attwidth><atprecis Sync="TRUE">0</atprecis><attscale Sync="TRUE">0</attscale></attr><attr><attrlabl Sync="TRUE">ZONA</attrlabl><attalias Sync="TRUE">ZONA</attalias><attrtype Sync="TRUE">String</attrtype><attwidth Sync="TRUE">254</attwidth><atprecis Sync="TRUE">0</atprecis><attscale Sync="TRUE">0</attscale></attr><attr><attrlabl Sync="TRUE">DIRECCION</attrlabl><attalias Sync="TRUE">DIRECCION</attalias><attrtype Sync="TRUE">String</attrtype><attwidth Sync="TRUE">254</attwidth><atprecis Sync="TRUE">0</atprecis><attscale Sync="TRUE">0</attscale></attr><attr><attrlabl Sync="TRUE">BARRIO__GE</attrlabl><attalias Sync="TRUE">BARRIO__GE</attalias><attrtype Sync="TRUE">String</attrtype><attwidth Sync="TRUE">254</attwidth><atprecis Sync="TRUE">0</atprecis><attscale Sync="TRUE">0</attscale></attr><attr><attrlabl Sync="TRUE">TELEFONO</attrlabl><attalias Sync="TRUE">TELEFONO</attalias><attrtype Sync="TRUE">String</attrtype><attwidth Sync="TRUE">254</attwidth><atprecis Sync="TRUE">0</atprecis><attscale Sync="TRUE">0</attscale></attr><attr><attrlabl Sync="TRUE">EMAIL</attrlabl><attalias Sync="TRUE">EMAIL</attalias><attrtype Sync="TRUE">String</attrtype><attwidth Sync="TRUE">254</attwidth><atprecis Sync="TRUE">0</atprecis><attscale Sync="TRUE">0</attscale></attr><attr><attrlabl Sync="TRUE">WEB</attrlabl><attalias Sync="TRUE">WEB</attalias><attrtype Sync="TRUE">String</attrtype><attwidth Sync="TRUE">254</attwidth><atprecis Sync="TRUE">0</atprecis><attscale Sync="TRUE">0</attscale></attr><attr><attrlabl Sync="TRUE">ENFASIS_PA</attrlabl><attalias Sync="TRUE">ENFASIS_PA</attalias><attrtype Sync="TRUE">String</attrtype><attwidth Sync="TRUE">254</attwidth><atprecis Sync="TRUE">0</atprecis><attscale Sync="TRUE">0</attscale></attr><attr><attrlabl Sync="TRUE">DISCAPACID</attrlabl><attalias Sync="TRUE">DISCAPACID</attalias><attrtype Sync="TRUE">String</attrtype><attwidth Sync="TRUE">254</attwidth><atprecis Sync="TRUE">0</atprecis><attscale Sync="TRUE">0</attscale></attr><attr><attrlabl Sync="TRUE">TALENTOS_O</attrlabl><attalias Sync="TRUE">TALENTOS_O</attalias><attrtype Sync="TRUE">String</attrtype><attwidth Sync="TRUE">254</attwidth><atprecis Sync="TRUE">0</atprecis><attscale Sync="TRUE">0</attscale></attr><attr><attrlabl Sync="TRUE">GRUPOS_ETN</attrlabl><attalias Sync="TRUE">GRUPOS_ETN</attalias><attrtype Sync="TRUE">String</attrtype><attwidth Sync="TRUE">254</attwidth><atprecis Sync="TRUE">0</atprecis><attscale Sync="TRUE">0</attscale></attr><attr><attrlabl Sync="TRUE">REGIMEN_Y</attrlabl><attalias Sync="TRUE">REGIMEN_Y</attalias><attrtype Sync="TRUE">String</attrtype><attwidth Sync="TRUE">254</attwidth><atprecis Sync="TRUE">0</atprecis><attscale Sync="TRUE">0</attscale></attr><attr><attrlabl Sync="TRUE">CPF</attrlabl><attalias Sync="TRUE">CPF</attalias><attrtype Sync="TRUE">Integer</attrtype><attwidth Sync="TRUE">10</attwidth><atprecis Sync="TRUE">10</atprecis><attscale Sync="TRUE">0</attscale></attr><attr><attrlabl Sync="TRUE">COD_UPZ</attrlabl><attalias Sync="TRUE">COD_UPZ</attalias><attrtype Sync="TRUE">String</attrtype><attwidth Sync="TRUE">254</attwidth><atprecis Sync="TRUE">0</atprecis><attscale Sync="TRUE">0</attscale></attr><attr><attrlabl Sync="TRUE">NOMBRE_UPZ</attrlabl><attalias Sync="TRUE">NOMBRE_UPZ</attalias><attrtype Sync="TRUE">String</attrtype><attwidth Sync="TRUE">254</attwidth><atprecis Sync="TRUE">0</atprecis><attscale Sync="TRUE">0</attscale></attr><attr><attrlabl Sync="TRUE">SECTOR_CEN</attrlabl><attalias Sync="TRUE">SECTOR_CEN</attalias><attrtype Sync="TRUE">String</attrtype><attwidth Sync="TRUE">250</attwidth><atprecis Sync="TRUE">0</atprecis><attscale Sync="TRUE">0</attscale></attr><attr><attrlabl Sync="TRUE">CODIGO_POS</attrlabl><attalias Sync="TRUE">CODIGO_POS</attalias><attrtype Sync="TRUE">Integer</attrtype><attwidth Sync="TRUE">10</attwidth><atprecis Sync="TRUE">10</atprecis><attscale Sync="TRUE">0</attscale></attr><attr><attrlabl Sync="TRUE">SECTOR</attrlabl><attalias Sync="TRUE">SECTOR</attalias><attrtype Sync="TRUE">Integer</attrtype><attwidth Sync="TRUE">10</attwidth><atprecis Sync="TRUE">10</atprecis><attscale Sync="TRUE">0</attscale></attr><attr><attrlabl Sync="TRUE">NATU_JUR</attrlabl><attalias Sync="TRUE">NATU_JUR</attalias><attrtype Sync="TRUE">Integer</attrtype><attwidth Sync="TRUE">10</attwidth><atprecis Sync="TRUE">10</atprecis><attscale Sync="TRUE">0</attscale></attr><attr><attrlabl Sync="TRUE">ESTADO</attrlabl><attalias Sync="TRUE">ESTADO</attalias><attrtype Sync="TRUE">Integer</attrtype><attwidth Sync="TRUE">10</attwidth><atprecis Sync="TRUE">10</atprecis><attscale Sync="TRUE">0</attscale></attr><attr><attrlabl Sync="TRUE">CALENDARIO</attrlabl><attalias Sync="TRUE">CALENDARIO</attalias><attrtype Sync="TRUE">Integer</attrtype><attwidth Sync="TRUE">10</attwidth><atprecis Sync="TRUE">10</atprecis><attscale Sync="TRUE">0</attscale></attr><attr><attrlabl Sync="TRUE">GENERO</attrlabl><attalias Sync="TRUE">GENERO</attalias><attrtype Sync="TRUE">Integer</attrtype><attwidth Sync="TRUE">10</attwidth><atprecis Sync="TRUE">10</atprecis><attscale Sync="TRUE">0</attscale></attr><attr><attrlabl Sync="TRUE">COD_LOCA</attrlabl><attalias Sync="TRUE">COD_LOCA</attalias><attrtype Sync="TRUE">String</attrtype><attwidth Sync="TRUE">50</attwidth><atprecis Sync="TRUE">0</atprecis><attscale Sync="TRUE">0</attscale></attr><attr><attrlabl Sync="TRUE">CARACTER_P</attrlabl><attalias Sync="TRUE">CARACTER_P</attalias><attrtype Sync="TRUE">Integer</attrtype><attwidth Sync="TRUE">10</attwidth><atprecis Sync="TRUE">10</atprecis><attscale Sync="TRUE">0</attscale></attr><attr><attrlabl Sync="TRUE">ESPECIALID</attrlabl><attalias Sync="TRUE">ESPECIALID</attalias><attrtype Sync="TRUE">Integer</attrtype><attwidth Sync="TRUE">10</attwidth><atprecis Sync="TRUE">10</atprecis><attscale Sync="TRUE">0</attscale></attr><attr><attrlabl Sync="TRUE">ESTRATO</attrlabl><attalias Sync="TRUE">ESTRATO</attalias><attrtype Sync="TRUE">String</attrtype><attwidth Sync="TRUE">50</attwidth><atprecis Sync="TRUE">0</atprecis><attscale Sync="TRUE">0</attscale></attr><attr><attrlabl Sync="TRUE">CLASE_TIPO</attrlabl><attalias Sync="TRUE">CLASE_TIPO</attalias><attrtype Sync="TRUE">Integer</attrtype><attwidth Sync="TRUE">5</attwidth><atprecis Sync="TRUE">5</atprecis><attscale Sync="TRUE">0</attscale></attr><attr><attrlabl Sync="TRUE">BILINGUE</attrlabl><attalias Sync="TRUE">BILINGUE</attalias><attrtype Sync="TRUE">Integer</attrtype><attwidth Sync="TRUE">5</attwidth><atprecis Sync="TRUE">5</atprecis><attscale Sync="TRUE">0</attscale></attr><attr><attrlabl Sync="TRUE">FECHA</attrlabl><attalias Sync="TRUE">FECHA</attalias><attrtype Sync="TRUE">Date</attrtype><attwidth Sync="TRUE">8</attwidth><atprecis Sync="TRUE">0</atprecis><attscale Sync="TRUE">0</attscale></attr><attr><attrlabl Sync="TRUE">NOM_UPL</attrlabl><attalias Sync="TRUE">NOM_UPL</attalias><attrtype Sync="TRUE">String</attrtype><attwidth Sync="TRUE">50</attwidth><atprecis Sync="TRUE">0</atprecis><attscale Sync="TRUE">0</attscale></attr><attr><attrlabl Sync="TRUE">COD_UPL</attrlabl><attalias Sync="TRUE">COD_UPL</attalias><attrtype Sync="TRUE">String</attrtype><attwidth Sync="TRUE">50</attwidth><atprecis Sync="TRUE">0</atprecis><attscale Sync="TRUE">0</attscale></attr><attr><attrlabl Sync="TRUE">DANE12_EST</attrlabl><attalias Sync="TRUE">DANE12_EST</attalias><attrtype Sync="TRUE">String</attrtype><attwidth Sync="TRUE">50</attwidth><atprecis Sync="TRUE">0</atprecis><attscale Sync="TRUE">0</attscale></attr><attr><attrlabl Sync="TRUE">DANE12_SED</attrlabl><attalias Sync="TRUE">DANE12_SED</attalias><attrtype Sync="TRUE">String</attrtype><attwidth Sync="TRUE">50</attwidth><atprecis Sync="TRUE">0</atprecis><attscale Sync="TRUE">0</attscale></attr></detailed></eainfo><mdDateSt Sync="TRUE">20240514</mdDateSt></metadata>
